price_list_type,id,group_revision_id,unique_id,brand,brand_id,model,model_id,params,full_name,vehicle_type,vehicle_type_ua,vehicle_type_id,season,season_ua,season_id,width,height,diameter,load_index,load_index_with_desc,speed_index,speed_index_with_desc,country_manufacturer,country_manufacturer_ua,manufacture_year,reinforce,studded,homologation,run_flat,silent,seal,demo,provider_id,provider,city,city_ua,tt_provider,foreign_id,update_date,update_date_pts,in_stock,source_price_wholesale,source_price_wholesale_original,source_price_wholesale_original_currency,source_price_retail,user_price_wholesale,user_price,user_delivery_price,user_price_plus_user_delivery_price,offer_num,photo_file_name,photo_url,section_open_cart,size_only_digits
Р»РµРіРєРѕРІС‹Рµ С€РёРЅС‹,264302,264302,1000264302,BFGoodrich,1241,Activan,709,185/75 R16C 104/102R,BFGoodrich Activan 185/75 R16C 104/102R,Р»РµРіРєРѕРіСЂСѓР·РѕРІРѕР№,Р»РµРіРєРѕРІР°РЅС‚Р°Р¶РЅРёР№,8,Р»РµС‚РЅСЏСЏ,Р»С–С‚РЅСЏ,1,185,75,16,104/102,104(900РєРі)/102(850РєРі),R,R(170РєРј/С‡Р°СЃ),Р СѓРјС‹РЅРёСЏ,Р СѓРјСѓРЅС–СЏ,2021,C,,,,,,,1821,Рђ РўР°РµСЂСЃ,РљРёРµРІ,РљРёС—РІ,kiev_ Рђ РўР°РµСЂСЃ,,2022-10-04 12:06,1664874361,4,2275,2275.00,uah,2556,2275,3781,0,3781,1,tyre/709.400x400.jpg,tyre/709.400x400.jpg,РЁРёРЅС‹,1857516
Р»РµРіРєРѕРІС‹Рµ С€РёРЅС‹,264299,264299,1000264299,BFGoodrich,1241,Activan,709,195/65 R16C 104/102R,BFGoodrich Activan 195/65 R16C 104/102R,Р»РµРіРєРѕРіСЂСѓР·РѕРІРѕР№,Р»РµРіРєРѕРІР°РЅС‚Р°Р¶РЅРёР№,8,Р»РµС‚РЅСЏСЏ,Р»С–С‚РЅСЏ,1,195,65,16,104/102,104(900РєРі)/102(850РєРі),R,R(170РєРј/С‡Р°СЃ),Р СѓРјС‹РЅРёСЏ,Р СѓРјСѓРЅС–СЏ,2021,C,,,,,,,1821,Рђ РўР°РµСЂСЃ,РљРёРµРІ,РљРёС—РІ,kiev_ Рђ РўР°РµСЂСЃ,,2022-10-04 12:06,1664874361,4,2975,2975.00,uah,3342,2975,4852,0,4852,1,tyre/709.400x400.jpg,tyre/709.400x400.jpg,РЁРёРЅС‹,1956516
Р»РµРіРєРѕРІС‹Рµ С€РёРЅС‹,263127,263127,1000263127,BFGoodrich,1241,Activan,709,205/70 R15C 106/104R,BFGoodrich Activan 205/70 R15C 106/104R,Р»РµРіРєРѕРіСЂСѓР·РѕРІРѕР№,Р»РµРіРєРѕРІР°РЅС‚Р°Р¶РЅРёР№,8,Р»РµС‚РЅСЏСЏ,Р»С–С‚РЅСЏ,1,205,70,15,106/104,106(950РєРі)/104(900РєРі),R,R(170РєРј/С‡Р°СЃ),Р СѓРјС‹РЅРёСЏ,Р СѓРјСѓРЅС–СЏ,2016,C,,,,,,,1821,Рђ РўР°РµСЂСЃ,РљРёРµРІ,РљРёС—РІ,kiev_ Рђ РўР°РµСЂСЃ,,2022-10-04 12:06,1664874361,2,2395,2395.00,uah,2691,2395,4012,0,4012,1,tyre/709.400x400.jpg,tyre/709.400x400.jpg,РЁРёРЅС‹,2057015
Р»РµРіРєРѕРІС‹Рµ С€РёРЅС‹,270165,270165,1000270165,BFGoodrich,1241,Activan,709,215/75 R16C 116/114R,BFGoodrich Activan 215/75 R16C 116/114R,Р»РµРіРєРѕРіСЂСѓР·РѕРІРѕР№,Р»РµРіРєРѕРІР°РЅС‚Р°Р¶РЅРёР№,8,Р»РµС‚РЅСЏСЏ,Р»С–С‚РЅСЏ,1,215,75,16,116/114,116(1250РєРі)/114(1180РєРі),R,R(170РєРј/С‡Р°СЃ),РџРѕР»СЊС€Р°,РџРѕР»СЊС‰Р°,2021,C,,,,,,,1821,Рђ РўР°РµСЂСЃ,РљРёРµРІ,РљРёС—РІ,kiev_ Рђ РўР°РµСЂСЃ,,2022-10-04 12:06,1664874361,2,3650,3650.00,uah,4101,3650,5885,0,5885,1,tyre/709.400x400.jpg,tyre/709.400x400.jpg,РЁРёРЅС‹,2157516
Р»РµРіРєРѕРІС‹Рµ С€РёРЅС‹,276551,276551,1000276551,BFGoodrich,1241,Activan Winter,710,215/60 R16C 103/101T,BFGoodrich Activan Winter 215/60 R16C 103/101T,Р»РµРіРєРѕРіСЂСѓР·РѕРІРѕР№,Р»РµРіРєРѕРІР°РЅС‚Р°Р¶РЅРёР№,8,Р·РёРјРЅСЏСЏ,Р·РёРјРѕРІР°,2,215,60,16,103/101,103(875РєРі)/101(825РєРі),T,T(190РєРј/С‡Р°СЃ),Р СѓРјС‹РЅРёСЏ,Р СѓРјСѓРЅС–СЏ,2020,C,,,,,,,1821,Рђ РўР°РµСЂСЃ,РљРёРµРІ,РљРёС—РІ,kiev_ Рђ РўР°РµСЂСЃ,,2022-10-04 12:06,1664874361,2,3850,3850.00,uah,4325,3850,6191,0,6191,1,tyre/710.400x400.jpg,tyre/710.400x400.jpg,РЁРёРЅС‹,2156016
Р»РµРіРєРѕРІС‹Рµ С€РёРЅС‹,304176,304176,1000304176,Dunlop,1314,Econodrive,1343,215/70 R15C 109/107S,Dunlop Econodrive 215/70 R15C 109/107S,Р»РµРіРєРѕРіСЂСѓР·РѕРІРѕР№,Р»РµРіРєРѕРІР°РЅС‚Р°Р¶РЅРёР№,8,Р»РµС‚РЅСЏСЏ,Р»С–С‚РЅСЏ,1,215,70,15,109/107,109(1030РєРі)/107(975РєРі),S,S(180РєРј/С‡Р°СЃ),РўР°РёР»Р°РЅРґ,РўР°С—Р»Р°РЅРґ,2021,C,,,,,,,1821,Рђ РўР°РµСЂСЃ,РљРёРµРІ,РљРёС—РІ,kiev_ Рђ РўР°РµСЂСЃ,,2022-10-04 12:06,1664874361,4,3750,3750.00,uah,4213,3750,6113,0,6113,1,tyre/1343.400x400.jpg,tyre/1343.400x400.jpg,РЁРёРЅС‹,2157015
Р»РµРіРєРѕРІС‹Рµ С€РёРЅС‹,379581,379581,1000379581,Dunlop,1314,Econodrive,1343,225/65 R16C 112/110R,Dunlop Econodrive 225/65 R16C 112/110R,Р»РµРіРєРѕРіСЂСѓР·РѕРІРѕР№,Р»РµРіРєРѕРІР°РЅС‚Р°Р¶РЅРёР№,8,Р»РµС‚РЅСЏСЏ,Р»С–С‚РЅСЏ,1,225,65,16,112/110,112(1120РєРі)/110(1060РєРі),R,R(170РєРј/С‡Р°СЃ),РўР°РёР»Р°РЅРґ,РўР°С—Р»Р°РЅРґ,2020,C,,,,,,,1821,Рђ РўР°РµСЂСЃ,РљРёРµРІ,РљРёС—РІ,kiev_ Рђ РўР°РµСЂСЃ,,2022-10-04 12:06,1664874361,2,3495,3495.00,uah,3927,3495,5647,0,5647,1,tyre/1343.400x400.jpg,tyre/1343.400x400.jpg,РЁРёРЅС‹,2256516
Р»РµРіРєРѕРІС‹Рµ С€РёРЅС‹,301853,301853,1000301853,Dunlop,1314,Econodrive,1343,225/70 R15C 112/110S,Dunlop Econodrive 225/70 R15C 112/110S,Р»РµРіРєРѕРіСЂСѓР·РѕРІРѕР№,Р»РµРіРєРѕРІР°РЅС‚Р°Р¶РЅРёР№,8,Р»РµС‚РЅСЏСЏ,Р»С–С‚РЅСЏ,1,225,70,15,112/110,112(1120РєРі)/110(1060РєРі),S,S(180РєРј/С‡Р°СЃ),РўР°РёР»Р°РЅРґ,РўР°С—Р»Р°РЅРґ,2020,C,,,,,,,1821,Рђ РўР°РµСЂСЃ,РљРёРµРІ,РљРёС—РІ,kiev_ Рђ РўР°РµСЂСЃ,,2022-10-04 12:06,1664874361,4,3350,3350.00,uah,3764,3350,5493,0,5493,1,tyre/1343.400x400.jpg,tyre/1343.400x400.jpg,РЁРёРЅС‹,2257015
Р»РµРіРєРѕРІС‹Рµ С€РёРЅС‹,339804,339804,1000339804,Dunlop,1314,Econodrive,1343,235/65 R16C 115/113R,Dunlop Econodrive 235/65 R16C 115/113R,Р»РµРіРєРѕРіСЂСѓР·РѕРІРѕР№,Р»РµРіРєРѕРІР°РЅС‚Р°Р¶РЅРёР№,8,Р»РµС‚РЅСЏСЏ,Р»С–С‚РЅСЏ,1,235,65,16,115/113,115(1215РєРі)/113(1150РєРі),R,R(170РєРј/С‡Р°СЃ),РўР°РёР»Р°РЅРґ,РўР°С—Р»Р°РЅРґ,2021,C,,,,,,,1821,Рђ РўР°РµСЂСЃ,РљРёРµРІ,РљРёС—РІ,kiev_ Рђ РўР°РµСЂСЃ,,2022-10-04 12:06,1664874361,2,4250,4250.00,uah,4775,4250,6803,0,6803,1,tyre/1343.400x400.jpg,tyre/1343.400x400.jpg,РЁРёРЅС‹,2356516
Р»РµРіРєРѕРІС‹Рµ С€РёРЅС‹,381964,381964,1000381964,Fulda,1359,Conveo Trac 3,11715,195/60 R16C 99/97T,Fulda Conveo Trac 3 195/60 R16C 99/97T,Р»РµРіРєРѕРіСЂСѓР·РѕРІРѕР№,Р»РµРіРєРѕРІР°РЅС‚Р°Р¶РЅРёР№,8,Р·РёРјРЅСЏСЏ,Р·РёРјРѕРІР°,2,195,60,16,99/97,99(775РєРі)/97(730РєРі),T,T(190РєРј/С‡Р°СЃ),РўСѓСЂС†РёСЏ,РўСѓСЂРµС‡С‡РёРЅР°,2022,C,,,,,,,1821,Рђ РўР°РµСЂСЃ,РљРёРµРІ,РљРёС—РІ,kiev_ Рђ РўР°РµСЂСЃ,,2022-10-04 12:06,1664874361,12,3750,3750.00,uah,4213,3750,6038,0,6038,1,tyre/11715.400x400.jpg,tyre/11715.400x400.jpg,РЁРёРЅС‹,1956016
Р»РµРіРєРѕРІС‹Рµ С€РёРЅС‹,386361,386361,1000386361,Fulda,1359,Conveo Trac 3,11715,205/75 R16C 110/108R,Fulda Conveo Trac 3 205/75 R16C 110/108R,Р»РµРіРєРѕРіСЂСѓР·РѕРІРѕР№,Р»РµРіРєРѕРІР°РЅС‚Р°Р¶РЅРёР№,8,Р·РёРјРЅСЏСЏ,Р·РёРјРѕРІР°,2,205,75,16,110/108,110(1060РєРі)/108(1000РєРі),R,R(170РєРј/С‡Р°СЃ),РўСѓСЂС†РёСЏ,РўСѓСЂРµС‡С‡РёРЅР°,2022,C,,,,,,,1821,Рђ РўР°РµСЂСЃ,РљРёРµРІ,РљРёС—РІ,kiev_ Рђ РўР°РµСЂСЃ,,2022-10-04 12:06,1664874361,16,3875,3875.00,uah,4354,3875,6229,0,6229,1,tyre/11715.400x400.jpg,tyre/11715.400x400.jpg,РЁРёРЅС‹,2057516
Р»РµРіРєРѕРІС‹Рµ С€РёРЅС‹,305912,305912,1000305912,Goodyear,1387,Cargo Marathon,1943,195/60 R16C 99/97H,Goodyear Cargo Marathon 195/60 R16C 99/97H,Р»РµРіРєРѕРіСЂСѓР·РѕРІРѕР№,Р»РµРіРєРѕРІР°РЅС‚Р°Р¶РЅРёР№,8,Р»РµС‚РЅСЏСЏ,Р»С–С‚РЅСЏ,1,195,60,16,99/97,99(775РєРі)/97(730РєРі),H,H(210РєРј/С‡Р°СЃ),РўСѓСЂС†РёСЏ,РўСѓСЂРµС‡С‡РёРЅР°,2021,C,,,,,,,1821,Рђ РўР°РµСЂСЃ,РљРёРµРІ,РљРёС—РІ,kiev_ Рђ РўР°РµСЂСЃ,,2022-10-04 12:06,1664874361,4,3595,3595.00,uah,4039,3595,5800,0,5800,1,tyre/1943.400x400.jpg,tyre/1943.400x400.jpg,РЁРёРЅС‹,1956016
Р»РµРіРєРѕРІС‹Рµ С€РёРЅС‹,261857,261857,1000261857,Goodyear,1387,Cargo Marathon,1943,235/65 R16C 115/113R,Goodyear Cargo Marathon 235/65 R16C 115/113R,Р»РµРіРєРѕРіСЂСѓР·РѕРІРѕР№,Р»РµРіРєРѕРІР°РЅС‚Р°Р¶РЅРёР№,8,Р»РµС‚РЅСЏСЏ,Р»С–С‚РЅСЏ,1,235,65,16,115/113,115(1215РєРі)/113(1150РєРі),R,R(170РєРј/С‡Р°СЃ),РўСѓСЂС†РёСЏ,РўСѓСЂРµС‡С‡РёРЅР°,2021,C,,,,,,,1821,Рђ РўР°РµСЂСЃ,РљРёРµРІ,РљРёС—РІ,kiev_ Рђ РўР°РµСЂСЃ,,2022-10-04 12:06,1664874361,13,4535,4535.00,uah,5095,4535,7239,0,7239,1,tyre/1943.400x400.jpg,tyre/1943.400x400.jpg,РЁРёРЅС‹,2356516
Р»РµРіРєРѕРІС‹Рµ С€РёРЅС‹,334614,334614,1000334614,Goodyear,1387,Cargo UltraGrip 2,1946,195/65 R16C 104/102T (С€РёРї),Goodyear Cargo UltraGrip 2 195/65 R16C 104/102T (С€РёРї),Р»РµРіРєРѕРіСЂСѓР·РѕРІРѕР№,Р»РµРіРєРѕРІР°РЅС‚Р°Р¶РЅРёР№,8,Р·РёРјРЅСЏСЏ,Р·РёРјРѕРІР°,2,195,65,16,104/102,104(900РєРі)/102(850РєРі),T,T(190РєРј/С‡Р°СЃ),Р¤СЂР°РЅС†РёСЏ,Р¤СЂР°РЅС†С–СЏ,2020,C,С€РёРї,,,,,,1821,Рђ РўР°РµСЂСЃ,РљРёРµРІ,РљРёС—РІ,kiev_ Рђ РўР°РµСЂСЃ,,2022-10-04 12:06,1664874361,4,4525,4525.00,uah,5084,4525,7223,0,7223,1,tyre/1946.400x400.jpg,tyre/1946.400x400.jpg,РЁРёРЅС‹,1956516
Р»РµРіРєРѕРІС‹Рµ С€РёРЅС‹,319446,319446,1000319446,Goodyear,1387,Cargo UltraGrip 2,1946,215/65 R15C 104/102T (С€РёРї),Goodyear Cargo UltraGrip 2 215/65 R15C 104/102T (С€РёРї),Р»РµРіРєРѕРіСЂСѓР·РѕРІРѕР№,Р»РµРіРєРѕРІР°РЅС‚Р°Р¶РЅРёР№,8,Р·РёРјРЅСЏСЏ,Р·РёРјРѕРІР°,2,215,65,15,104/102,104(900РєРі)/102(850РєРі),T,T(190РєРј/С‡Р°СЃ),РўСѓСЂС†РёСЏ,РўСѓСЂРµС‡С‡РёРЅР°,2021,C,С€РёРї,,,,,,1821,Рђ РўР°РµСЂСЃ,РљРёРµРІ,РљРёС—РІ,kiev_ Рђ РўР°РµСЂСЃ,,2022-10-04 12:06,1664874361,8,5441,5441.00,uah,6113,5441,8734,0,8734,1,tyre/1946.400x400.jpg,tyre/1946.400x400.jpg,РЁРёРЅС‹,2156515
Р»РµРіРєРѕРІС‹Рµ С€РёРЅС‹,334615,334615,1000334615,Goodyear,1387,Cargo UltraGrip 2,1946,215/75 R16C 113/111R (С€РёРї),Goodyear Cargo UltraGrip 2 215/75 R16C 113/111R (С€РёРї),Р»РµРіРєРѕРіСЂСѓР·РѕРІРѕР№,Р»РµРіРєРѕРІР°РЅС‚Р°Р¶РЅРёР№,8,Р·РёРјРЅСЏСЏ,Р·РёРјРѕРІР°,2,215,75,16,113/111,113(1150РєРі)/111(1090РєРі),R,R(170РєРј/С‡Р°СЃ),Р¤СЂР°РЅС†РёСЏ,Р¤СЂР°РЅС†С–СЏ,2022,C,С€РёРї,,,,,,1821,Рђ РўР°РµСЂСЃ,РљРёРµРІ,РљРёС—РІ,kiev_ Рђ РўР°РµСЂСЃ,,2022-10-04 12:06,1664874361,6,5250,5250.00,uah,5898,5250,8333,0,8333,1,tyre/1946.400x400.jpg,tyre/1946.400x400.jpg,РЁРёРЅС‹,2157516
Р»РµРіРєРѕРІС‹Рµ С€РёРЅС‹,391883,391883,1000391883,Goodyear,1387,Duramax Gen-2,12384,195/70 R15C 104/102S,Goodyear Duramax Gen-2 195/70 R15C 104/102S,Р»РµРіРєРѕРіСЂСѓР·РѕРІРѕР№,Р»РµРіРєРѕРІР°РЅС‚Р°Р¶РЅРёР№,8,Р»РµС‚РЅСЏСЏ,Р»С–С‚РЅСЏ,1,195,70,15,104/102,104(900РєРі)/102(850РєРі),S,S(180РєРј/С‡Р°СЃ),,,2021,C,,,,,,,1821,Рђ РўР°РµСЂСЃ,РљРёРµРІ,РљРёС—РІ,kiev_ Рђ РўР°РµСЂСЃ,,2022-10-04 12:06,1664874361,4,2950,2950.00,uah,3314,2950,4873,0,4873,1,tyre/12384.400x400.jpg,tyre/12384.400x400.jpg,РЁРёРЅС‹,1957015
Р»РµРіРєРѕРІС‹Рµ С€РёРЅС‹,321581,321581,1000321581,Goodyear,1387,EfficientGrip Cargo,1982,195/60 R16C 99/97H,Goodyear EfficientGrip Cargo 195/60 R16C 99/97H,Р»РµРіРєРѕРіСЂСѓР·РѕРІРѕР№,Р»РµРіРєРѕРІР°РЅС‚Р°Р¶РЅРёР№,8,Р»РµС‚РЅСЏСЏ,Р»С–С‚РЅСЏ,1,195,60,16,99/97,99(775РєРі)/97(730РєРі),H,H(210РєРј/С‡Р°СЃ),РўСѓСЂС†РёСЏ,РўСѓСЂРµС‡С‡РёРЅР°,2019,C,,,,,,,1821,Рђ РўР°РµСЂСЃ,РљРёРµРІ,РљРёС—РІ,kiev_ Рђ РўР°РµСЂСЃ,,2022-10-04 12:06,1664874361,1,2150,2150.00,uah,2416,2150,3590,0,3590,1,tyre/1982.400x400.jpg,tyre/1982.400x400.jpg,РЁРёРЅС‹,1956016
Р»РµРіРєРѕРІС‹Рµ С€РёРЅС‹,381099,381099,1000381099,Goodyear,1387,EfficientGrip Cargo 2,11647,195/60 R16C 99/97H,Goodyear EfficientGrip Cargo 2 195/60 R16C 99/97H,Р»РµРіРєРѕРіСЂСѓР·РѕРІРѕР№,Р»РµРіРєРѕРІР°РЅС‚Р°Р¶РЅРёР№,8,Р»РµС‚РЅСЏСЏ,Р»С–С‚РЅСЏ,1,195,60,16,99/97,99(775РєРі)/97(730РєРі),H,H(210РєРј/С‡Р°СЃ),РўСѓСЂС†РёСЏ,РўСѓСЂРµС‡С‡РёРЅР°,2021,C,,,,,,,1821,Рђ РўР°РµСЂСЃ,РљРёРµРІ,РљРёС—РІ,kiev_ Рђ РўР°РµСЂСЃ,,2022-10-04 12:06,1664874361,4,3850,3850.00,uah,4325,3850,6191,0,6191,1,tyre/11647.400x400.jpg,tyre/11647.400x400.jpg,РЁРёРЅС‹,1956016
Р»РµРіРєРѕРІС‹Рµ С€РёРЅС‹,389693,389693,1000389693,Goodyear,1387,EfficientGrip Cargo 2,11647,195/65 R16C 104/102T,Goodyear EfficientGrip Cargo 2 195/65 R16C 104/102T,Р»РµРіРєРѕРіСЂСѓР·РѕРІРѕР№,Р»РµРіРєРѕРІР°РЅС‚Р°Р¶РЅРёР№,8,Р»РµС‚РЅСЏСЏ,Р»С–С‚РЅСЏ,1,195,65,16,104/102,104(900РєРі)/102(850РєРі),T,T(190РєРј/С‡Р°СЃ),РўСѓСЂС†РёСЏ,РўСѓСЂРµС‡С‡РёРЅР°,2022,C,,,,,,,1821,Рђ РўР°РµСЂСЃ,РљРёРµРІ,РљРёС—РІ,kiev_ Рђ РўР°РµСЂСЃ,,2022-10-04 12:06,1664874361,4,3595,3595.00,uah,4039,3595,5800,0,5800,1,tyre/11647.400x400.jpg,tyre/11647.400x400.jpg,РЁРёРЅС‹,1956516
Р»РµРіРєРѕРІС‹Рµ С€РёРЅС‹,381094,381094,1000381094,Goodyear,1387,EfficientGrip Cargo 2,11647,195/70 R15C 104/102S,Goodyear EfficientGrip Cargo 2 195/70 R15C 104/102S,Р»РµРіРєРѕРіСЂСѓР·РѕРІРѕР№,Р»РµРіРєРѕРІР°РЅС‚Р°Р¶РЅРёР№,8,Р»РµС‚РЅСЏСЏ,Р»С–С‚РЅСЏ,1,195,70,15,104/102,104(900РєРі)/102(850РєРі),S,S(180РєРј/С‡Р°СЃ),РўСѓСЂС†РёСЏ,РўСѓСЂРµС‡С‡РёРЅР°,2021,C,,,,,,,1821,Рђ РўР°РµСЂСЃ,РљРёРµРІ,РљРёС—РІ,kiev_ Рђ РўР°РµСЂСЃ,,2022-10-04 12:06,1664874361,1,3095,3095.00,uah,3477,3095,5097,0,5097,1,tyre/11647.400x400.jpg,tyre/11647.400x400.jpg,РЁРёРЅС‹,1957015
Р»РµРіРєРѕРІС‹Рµ С€РёРЅС‹,381101,381101,1000381101,Goodyear,1387,EfficientGrip Cargo 2,11647,205/75 R16C 110/108R,Goodyear EfficientGrip Cargo 2 205/75 R16C 110/108R,Р»РµРіРєРѕРіСЂСѓР·РѕРІРѕР№,Р»РµРіРєРѕРІР°РЅС‚Р°Р¶РЅРёР№,8,Р»РµС‚РЅСЏСЏ,Р»С–С‚РЅСЏ,1,205,75,16,110/108,110(1060РєРі)/108(1000РєРі),R,R(170РєРј/С‡Р°СЃ),РўСѓСЂС†РёСЏ,РўСѓСЂРµС‡С‡РёРЅР°,2022,C,,,,,,,1821,Рђ РўР°РµСЂСЃ,РљРёРµРІ,РљРёС—РІ,kiev_ Рђ РўР°РµСЂСЃ,,2022-10-04 12:06,1664874361,4,4150,4150.00,uah,4663,4150,6650,0,6650,1,tyre/11647.400x400.jpg,tyre/11647.400x400.jpg,РЁРёРЅС‹,2057516
Р»РµРіРєРѕРІС‹Рµ С€РёРЅС‹,389186,389186,1000389186,Goodyear,1387,EfficientGrip Cargo 2,11647,215/60 R17C 109/107T,Goodyear EfficientGrip Cargo 2 215/60 R17C 109/107T,Р»РµРіРєРѕРіСЂСѓР·РѕРІРѕР№,Р»РµРіРєРѕРІР°РЅС‚Р°Р¶РЅРёР№,8,Р»РµС‚РЅСЏСЏ,Р»С–С‚РЅСЏ,1,215,60,17,109/107,109(1030РєРі)/107(975РєРі),T,T(190РєРј/С‡Р°СЃ),РўСѓСЂС†РёСЏ,РўСѓСЂРµС‡С‡РёРЅР°,2022,C,,,,,,,1821,Рђ РўР°РµСЂСЃ,РљРёРµРІ,РљРёС—РІ,kiev_ Рђ РўР°РµСЂСЃ,,2022-10-04 12:06,1664874361,2,5625,5625.00,uah,6320,5625,9406,0,9406,1,tyre/11647.400x400.jpg,tyre/11647.400x400.jpg,РЁРёРЅС‹,2156017
Р»РµРіРєРѕРІС‹Рµ С€РёРЅС‹,381102,381102,1000381102,Goodyear,1387,EfficientGrip Cargo 2,11647,215/75 R16C 113/111R,Goodyear EfficientGrip Cargo 2 215/75 R16C 113/111R,Р»РµРіРєРѕРіСЂСѓР·РѕРІРѕР№,Р»РµРіРєРѕРІР°РЅС‚Р°Р¶РЅРёР№,8,Р»РµС‚РЅСЏСЏ,Р»С–С‚РЅСЏ,1,215,75,16,113/111,113(1150РєРі)/111(1090РєРі),R,R(170РєРј/С‡Р°СЃ),РўСѓСЂС†РёСЏ,РўСѓСЂРµС‡С‡РёРЅР°,2021,C,,,,,,,1821,Рђ РўР°РµСЂСЃ,РљРёРµРІ,РљРёС—РІ,kiev_ Рђ РўР°РµСЂСЃ,,2022-10-04 12:06,1664874361,1,4595,4595.00,uah,5162,4595,7330,0,7330,1,tyre/11647.400x400.jpg,tyre/11647.400x400.jpg,РЁРёРЅС‹,2157516
Р»РµРіРєРѕРІС‹Рµ С€РёРЅС‹,381116,381116,1000381116,Goodyear,1387,EfficientGrip Cargo 2,11647,235/65 R16C 115/113S,Goodyear EfficientGrip Cargo 2 235/65 R16C 115/113S,Р»РµРіРєРѕРіСЂСѓР·РѕРІРѕР№,Р»РµРіРєРѕРІР°РЅС‚Р°Р¶РЅРёР№,8,Р»РµС‚РЅСЏСЏ,Р»С–С‚РЅСЏ,1,235,65,16,115/113,115(1215РєРі)/113(1150РєРі),S,S(180РєРј/С‡Р°СЃ),РўСѓСЂС†РёСЏ,РўСѓСЂРµС‡С‡РёРЅР°,2022,C,,,,,,,1821,Рђ РўР°РµСЂСЃ,РљРёРµРІ,РљРёС—РІ,kiev_ Рђ РўР°РµСЂСЃ,,2022-10-04 12:06,1664874361,4,4850,4850.00,uah,5449,4850,7721,0,7721,1,tyre/11647.400x400.jpg,tyre/11647.400x400.jpg,РЁРёРЅС‹,2356516
Р»РµРіРєРѕРІС‹Рµ С€РёРЅС‹,341565,341565,1000341565,Goodyear,1387,EfficientGrip Cargo,1982,215/65 R15C 104/102T,Goodyear EfficientGrip Cargo 215/65 R15C 104/102T,Р»РµРіРєРѕРіСЂСѓР·РѕРІРѕР№,Р»РµРіРєРѕРІР°РЅС‚Р°Р¶РЅРёР№,8,Р»РµС‚РЅСЏСЏ,Р»С–С‚РЅСЏ,1,215,65,15,104/102,104(900РєРі)/102(850РєРі),T,T(190РєРј/С‡Р°СЃ),РўСѓСЂС†РёСЏ,РўСѓСЂРµС‡С‡РёРЅР°,2021,C,,,,,,,1821,Рђ РўР°РµСЂСЃ,РљРёРµРІ,РљРёС—РІ,kiev_ Рђ РўР°РµСЂСЃ,,2022-10-04 12:06,1664874361,5,5095,5095.00,uah,5724,5095,8197,0,8197,1,tyre/1982.400x400.jpg,tyre/1982.400x400.jpg,РЁРёРЅС‹,2156515
Р»РµРіРєРѕРІС‹Рµ С€РёРЅС‹,394896,394896,1000394896,Goodyear,1387,UltraGrip Cargo,9682,185/75 R16C 104/102R,Goodyear UltraGrip Cargo 185/75 R16C 104/102R,Р»РµРіРєРѕРіСЂСѓР·РѕРІРѕР№,Р»РµРіРєРѕРІР°РЅС‚Р°Р¶РЅРёР№,8,Р·РёРјРЅСЏСЏ,Р·РёРјРѕРІР°,2,185,75,16,104/102,104(900РєРі)/102(850РєРі),R,R(170РєРј/С‡Р°СЃ),Р¤СЂР°РЅС†РёСЏ,Р¤СЂР°РЅС†С–СЏ,2022,C,,,,,,,1821,Рђ РўР°РµСЂСЃ,РљРёРµРІ,РљРёС—РІ,kiev_ Рђ РўР°РµСЂСЃ,,2022-10-04 12:06,1664874361,4,3975,3975.00,uah,4466,3975,6382,0,6382,1,tyre/9682.400x400.jpg,tyre/9682.400x400.jpg,РЁРёРЅС‹,1857516
Р»РµРіРєРѕРІС‹Рµ С€РёРЅС‹,363309,363309,1000363309,Goodyear,1387,UltraGrip Cargo,9682,195/60 R16C 99/97T,Goodyear UltraGrip Cargo 195/60 R16C 99/97T,Р»РµРіРєРѕРіСЂСѓР·РѕРІРѕР№,Р»РµРіРєРѕРІР°РЅС‚Р°Р¶РЅРёР№,8,Р·РёРјРЅСЏСЏ,Р·РёРјРѕРІР°,2,195,60,16,99/97,99(775РєРі)/97(730РєРі),T,T(190РєРј/С‡Р°СЃ),РўСѓСЂС†РёСЏ,РўСѓСЂРµС‡С‡РёРЅР°,2022,C,,,,,,,1821,Рђ РўР°РµСЂСЃ,РљРёРµРІ,РљРёС—РІ,kiev_ Рђ РўР°РµСЂСЃ,,2022-10-04 12:06,1664874361,18,4950,4950.00,uah,5561,4950,7874,0,7874,1,tyre/9682.400x400.jpg,tyre/9682.400x400.jpg,РЁРёРЅС‹,1956016
Р»РµРіРєРѕРІС‹Рµ С€РёРЅС‹,353430,353430,1000353430,Goodyear,1387,UltraGrip Cargo,9682,195/70 R15C 104/102S,Goodyear UltraGrip Cargo 195/70 R15C 104/102S,Р»РµРіРєРѕРіСЂСѓР·РѕРІРѕР№,Р»РµРіРєРѕРІР°РЅС‚Р°Р¶РЅРёР№,8,Р·РёРјРЅСЏСЏ,Р·РёРјРѕРІР°,2,195,70,15,104/102,104(900РєРі)/102(850РєРі),S,S(180РєРј/С‡Р°СЃ),РўСѓСЂС†РёСЏ,РўСѓСЂРµС‡С‡РёРЅР°,2022,C,,,,,,,1821,Рђ РўР°РµСЂСЃ,РљРёРµРІ,РљРёС—РІ,kiev_ Рђ РўР°РµСЂСЃ,,2022-10-04 12:06,1664874361,8,4060,4060.00,uah,4561,4060,6593,0,6593,1,tyre/9682.400x400.jpg,tyre/9682.400x400.jpg,РЁРёРЅС‹,1957015
Р»РµРіРєРѕРІС‹Рµ С€РёРЅС‹,350955,350955,1000350955,Goodyear,1387,UltraGrip Cargo,9682,205/65 R16C 107/105T,Goodyear UltraGrip Cargo 205/65 R16C 107/105T,Р»РµРіРєРѕРіСЂСѓР·РѕРІРѕР№,Р»РµРіРєРѕРІР°РЅС‚Р°Р¶РЅРёР№,8,Р·РёРјРЅСЏСЏ,Р·РёРјРѕРІР°,2,205,65,16,107/105,107(975РєРі)/105(925РєРі),T,T(190РєРј/С‡Р°СЃ),РўСѓСЂС†РёСЏ,РўСѓСЂРµС‡С‡РёРЅР°,2022,C,,,,,,,1821,Рђ РўР°РµСЂСЃ,РљРёРµРІ,РљРёС—РІ,kiev_ Рђ РўР°РµСЂСЃ,,2022-10-04 12:06,1664874361,2,5095,5095.00,uah,5724,5095,8095,0,8095,1,tyre/9682.400x400.jpg,tyre/9682.400x400.jpg,РЁРёРЅС‹,2056516
Р»РµРіРєРѕРІС‹Рµ С€РёРЅС‹,352533,352533000001,1000352533,Goodyear,1387,UltraGrip Cargo,9682,205/75 R16C 113/111R,Goodyear UltraGrip Cargo 205/75 R16C 113/111R,Р»РµРіРєРѕРіСЂСѓР·РѕРІРѕР№,Р»РµРіРєРѕРІР°РЅС‚Р°Р¶РЅРёР№,8,Р·РёРјРЅСЏСЏ,Р·РёРјРѕРІР°,2,205,75,16,113/111,113(1150РєРі)/111(1090РєРі),R,R(170РєРј/С‡Р°СЃ),РўСѓСЂС†РёСЏ,РўСѓСЂРµС‡С‡РёРЅР°,2022,C,,,,,,,1821,Рђ РўР°РµСЂСЃ,РљРёРµРІ,РљРёС—РІ,kiev_ Рђ РўР°РµСЂСЃ,,2022-10-04 12:06,1664874361,2,5650,5650.00,uah,6348,5650,8945,0,8945,1,tyre/9682.400x400.jpg,tyre/9682.400x400.jpg,РЁРёРЅС‹,2057516
Р»РµРіРєРѕРІС‹Рµ С€РёРЅС‹,351974,351974,1000351974,Goodyear,1387,UltraGrip Cargo,9682,215/60 R17C 109/107T,Goodyear UltraGrip Cargo 215/60 R17C 109/107T,Р»РµРіРєРѕРіСЂСѓР·РѕРІРѕР№,Р»РµРіРєРѕРІР°РЅС‚Р°Р¶РЅРёР№,8,Р·РёРјРЅСЏСЏ,Р·РёРјРѕРІР°,2,215,60,17,109/107,109(1030РєРі)/107(975РєРі),T,T(190РєРј/С‡Р°СЃ),РўСѓСЂС†РёСЏ,РўСѓСЂРµС‡С‡РёРЅР°,2022,C,,,,,,,1821,Рђ РўР°РµСЂСЃ,РљРёРµРІ,РљРёС—РІ,kiev_ Рђ РўР°РµСЂСЃ,,2022-10-04 12:06,1664874361,20,6150,6150.00,uah,6910,6150,10210,0,10210,1,tyre/9682.400x400.jpg,tyre/9682.400x400.jpg,РЁРёРЅС‹,2156017
Р»РµРіРєРѕРІС‹Рµ С€РёРЅС‹,350953,350953,1000350953,Goodyear,1387,UltraGrip Cargo,9682,215/65 R15C 104/102T,Goodyear UltraGrip Cargo 215/65 R15C 104/102T,Р»РµРіРєРѕРіСЂСѓР·РѕРІРѕР№,Р»РµРіРєРѕРІР°РЅС‚Р°Р¶РЅРёР№,8,Р·РёРјРЅСЏСЏ,Р·РёРјРѕРІР°,2,215,65,15,104/102,104(900РєРі)/102(850РєРі),T,T(190РєРј/С‡Р°СЃ),РўСѓСЂС†РёСЏ,РўСѓСЂРµС‡С‡РёРЅР°,2019,C,,,,,,,1821,Рђ РўР°РµСЂСЃ,РљРёРµРІ,РљРёС—РІ,kiev_ Рђ РўР°РµСЂСЃ,,2022-10-04 12:06,1664874361,5,5050,5050.00,uah,5674,5050,8128,0,8128,1,tyre/9682.400x400.jpg,tyre/9682.400x400.jpg,РЁРёРЅС‹,2156515
Р»РµРіРєРѕРІС‹Рµ С€РёРЅС‹,350956,350956,1000350956,Goodyear,1387,UltraGrip Cargo,9682,215/65 R16C 109/107T,Goodyear UltraGrip Cargo 215/65 R16C 109/107T,Р»РµРіРєРѕРіСЂСѓР·РѕРІРѕР№,Р»РµРіРєРѕРІР°РЅС‚Р°Р¶РЅРёР№,8,Р·РёРјРЅСЏСЏ,Р·РёРјРѕРІР°,2,215,65,16,109/107,109(1030РєРі)/107(975РєРі),T,T(190РєРј/С‡Р°СЃ),,,2022,C,,,,,,,1821,Рђ РўР°РµСЂСЃ,РљРёРµРІ,РљРёС—РІ,kiev_ Рђ РўР°РµСЂСЃ,,2022-10-04 12:06,1664874361,16,5175,5175.00,uah,5814,5175,8218,0,8218,1,tyre/9682.400x400.jpg,tyre/9682.400x400.jpg,РЁРёРЅС‹,2156516
Р»РµРіРєРѕРІС‹Рµ С€РёРЅС‹,339015,339015,1000339015,Hankook,1401,Vantra LT RA18,2190,215/65 R15C 104/102T,Hankook Vantra LT RA18 215/65 R15C 104/102T,Р»РµРіРєРѕРіСЂСѓР·РѕРІРѕР№,Р»РµРіРєРѕРІР°РЅС‚Р°Р¶РЅРёР№,8,Р»РµС‚РЅСЏСЏ,Р»С–С‚РЅСЏ,1,215,65,15,104/102,104(900РєРі)/102(850РєРі),T,T(190РєРј/С‡Р°СЃ),Р’РµРЅРіСЂРёСЏ,РЈРіРѕСЂС‰РёРЅР°,2021,C,,,,,,,1821,Рђ РўР°РµСЂСЃ,РљРёРµРІ,РљРёС—РІ,kiev_ Рђ РўР°РµСЂСЃ,,2022-10-04 12:06,1664874361,2,3495,3495.00,uah,3927,3495,5717,0,5717,1,tyre/2190.400x400.jpg,tyre/2190.400x400.jpg,РЁРёРЅС‹,2156515
Р»РµРіРєРѕРІС‹Рµ С€РёРЅС‹,271626,271626,1000271626,Hankook,1401,Vantra LT RA18,2190,215/70 R15C 109/107S,Hankook Vantra LT RA18 215/70 R15C 109/107S,Р»РµРіРєРѕРіСЂСѓР·РѕРІРѕР№,Р»РµРіРєРѕРІР°РЅС‚Р°Р¶РЅРёР№,8,Р»РµС‚РЅСЏСЏ,Р»С–С‚РЅСЏ,1,215,70,15,109/107,109(1030РєРі)/107(975РєРі),S,S(180РєРј/С‡Р°СЃ),РљРѕСЂРµСЏ,РљРѕСЂРµСЏ,2021,C,,,,,,,1821,Рђ РўР°РµСЂСЃ,РљРёРµРІ,РљРёС—РІ,kiev_ Рђ РўР°РµСЂСЃ,,2022-10-04 12:06,1664874361,1,3095,3095.00,uah,3477,3095,5097,0,5097,1,tyre/2190.400x400.jpg,tyre/2190.400x400.jpg,РЁРёРЅС‹,2157015
Р»РµРіРєРѕРІС‹Рµ С€РёРЅС‹,315132,315132,1000315132,Kleber,1460,Transalp 2,2496,195/60 R16C 99/97T,Kleber Transalp 2 195/60 R16C 99/97T,Р»РµРіРєРѕРіСЂСѓР·РѕРІРѕР№,Р»РµРіРєРѕРІР°РЅС‚Р°Р¶РЅРёР№,8,Р·РёРјРЅСЏСЏ,Р·РёРјРѕРІР°,2,195,60,16,99/97,99(775РєРі)/97(730РєРі),T,T(190РєРј/С‡Р°СЃ),Р СѓРјС‹РЅРёСЏ,Р СѓРјСѓРЅС–СЏ,2021,C,,,,,,,1821,Рђ РўР°РµСЂСЃ,РљРёРµРІ,РљРёС—РІ,kiev_ Рђ РўР°РµСЂСЃ,,2022-10-04 12:06,1664874361,20,3895,3895.00,uah,4376,3895,6259,0,6259,1,tyre/2496.400x400.jpg,tyre/2496.400x400.jpg,РЁРёРЅС‹,1956016
Р»РµРіРєРѕРІС‹Рµ С€РёРЅС‹,264127,264127,1000264127,Kleber,1460,Transalp 2,2496,215/70 R15C 109/107R,Kleber Transalp 2 215/70 R15C 109/107R,Р»РµРіРєРѕРіСЂСѓР·РѕРІРѕР№,Р»РµРіРєРѕРІР°РЅС‚Р°Р¶РЅРёР№,8,Р·РёРјРЅСЏСЏ,Р·РёРјРѕРІР°,2,215,70,15,109/107,109(1030РєРі)/107(975РєРі),R,R(170РєРј/С‡Р°СЃ),Р СѓРјС‹РЅРёСЏ,Р СѓРјСѓРЅС–СЏ,2021,C,,,,,,,1821,Рђ РўР°РµСЂСЃ,РљРёРµРІ,РљРёС—РІ,kiev_ Рђ РўР°РµСЂСЃ,,2022-10-04 12:06,1664874361,1,3895,3895.00,uah,4376,3895,6337,0,6337,1,tyre/2496.400x400.jpg,tyre/2496.400x400.jpg,РЁРёРЅС‹,2157015
Р»РµРіРєРѕРІС‹Рµ С€РёРЅС‹,271916,271916,1000271916,Kleber,1460,Transalp 2,2496,215/75 R16C 116/114R,Kleber Transalp 2 215/75 R16C 116/114R,Р»РµРіРєРѕРіСЂСѓР·РѕРІРѕР№,Р»РµРіРєРѕРІР°РЅС‚Р°Р¶РЅРёР№,8,Р·РёРјРЅСЏСЏ,Р·РёРјРѕРІР°,2,215,75,16,116/114,116(1250РєРі)/114(1180РєРі),R,R(170РєРј/С‡Р°СЃ),РџРѕР»СЊС€Р°,РџРѕР»СЊС‰Р°,2021,C,,,,,,,1821,Рђ РўР°РµСЂСЃ,РљРёРµРІ,РљРёС—РІ,kiev_ Рђ РўР°РµСЂСЃ,,2022-10-04 12:06,1664874361,20,4750,4750.00,uah,5337,4750,7568,0,7568,1,tyre/2496.400x400.jpg,tyre/2496.400x400.jpg,РЁРёРЅС‹,2157516
Р»РµРіРєРѕРІС‹Рµ С€РёРЅС‹,261757,261757,1000261757,Kleber,1460,Transalp 2,2496,225/65 R16C 112/110R,Kleber Transalp 2 225/65 R16C 112/110R,Р»РµРіРєРѕРіСЂСѓР·РѕРІРѕР№,Р»РµРіРєРѕРІР°РЅС‚Р°Р¶РЅРёР№,8,Р·РёРјРЅСЏСЏ,Р·РёРјРѕРІР°,2,225,65,16,112/110,112(1120РєРі)/110(1060РєРі),R,R(170РєРј/С‡Р°СЃ),Р СѓРјС‹РЅРёСЏ,Р СѓРјСѓРЅС–СЏ,2022,C,,,,,,,1821,Рђ РўР°РµСЂСЃ,РљРёРµРІ,РљРёС—РІ,kiev_ Рђ РўР°РµСЂСЃ,,2022-10-04 12:06,1664874361,4,4585,4585.00,uah,5151,4585,7315,0,7315,1,tyre/2496.400x400.jpg,tyre/2496.400x400.jpg,РЁРёРЅС‹,2256516
Р»РµРіРєРѕРІС‹Рµ С€РёРЅС‹,305521,305521,1000305521,Kleber,1460,Transpro,2497,185/75 R16C 104/102R,Kleber Transpro 185/75 R16C 104/102R,Р»РµРіРєРѕРіСЂСѓР·РѕРІРѕР№,Р»РµРіРєРѕРІР°РЅС‚Р°Р¶РЅРёР№,8,Р»РµС‚РЅСЏСЏ,Р»С–С‚РЅСЏ,1,185,75,16,104/102,104(900РєРі)/102(850РєРі),R,R(170РєРј/С‡Р°СЃ),Р СѓРјС‹РЅРёСЏ,Р СѓРјСѓРЅС–СЏ,2021,C,,,,,,,1821,Рђ РўР°РµСЂСЃ,РљРёРµРІ,РљРёС—РІ,kiev_ Рђ РўР°РµСЂСЃ,,2022-10-04 12:06,1664874361,6,2975,2975.00,uah,3342,2975,4852,0,4852,1,tyre/2497.400x400.jpg,tyre/2497.400x400.jpg,РЁРёРЅС‹,1857516
Р»РµРіРєРѕРІС‹Рµ С€РёРЅС‹,319206,319206,1000319206,Kleber,1460,Transpro,2497,195/60 R16C 99/97H,Kleber Transpro 195/60 R16C 99/97H,Р»РµРіРєРѕРіСЂСѓР·РѕРІРѕР№,Р»РµРіРєРѕРІР°РЅС‚Р°Р¶РЅРёР№,8,Р»РµС‚РЅСЏСЏ,Р»С–С‚РЅСЏ,1,195,60,16,99/97,99(775РєРі)/97(730РєРі),H,H(210РєРј/С‡Р°СЃ),Р СѓРјС‹РЅРёСЏ,Р СѓРјСѓРЅС–СЏ,2022,C,,,,,,,1821,Рђ РўР°РµСЂСЃ,РљРёРµРІ,РљРёС—РІ,kiev_ Рђ РўР°РµСЂСЃ,,2022-10-04 12:06,1664874361,3,3495,3495.00,uah,3927,3495,5647,0,5647,1,tyre/2497.400x400.jpg,tyre/2497.400x400.jpg,РЁРёРЅС‹,1956016
Р»РµРіРєРѕРІС‹Рµ С€РёРЅС‹,260106,260106,1000260106,Kleber,1460,Transpro,2497,195/65 R16C 104/102R,Kleber Transpro 195/65 R16C 104/102R,Р»РµРіРєРѕРіСЂСѓР·РѕРІРѕР№,Р»РµРіРєРѕРІР°РЅС‚Р°Р¶РЅРёР№,8,Р»РµС‚РЅСЏСЏ,Р»С–С‚РЅСЏ,1,195,65,16,104/102,104(900РєРі)/102(850РєРі),R,R(170РєРј/С‡Р°СЃ),Р СѓРјС‹РЅРёСЏ,Р СѓРјСѓРЅС–СЏ,2022,C,,,,,,,1821,Рђ РўР°РµСЂСЃ,РљРёРµРІ,РљРёС—РІ,kiev_ Рђ РўР°РµСЂСЃ,,2022-10-04 12:06,1664874361,16,3385,3385.00,uah,3803,3385,5479,0,5479,1,tyre/2497.400x400.jpg,tyre/2497.400x400.jpg,РЁРёРЅС‹,1956516
Р»РµРіРєРѕРІС‹Рµ С€РёРЅС‹,259776,259776,1000259776,Kleber,1460,Transpro,2497,195/70 R15C 104/102R,Kleber Transpro 195/70 R15C 104/102R,Р»РµРіРєРѕРіСЂСѓР·РѕРІРѕР№,Р»РµРіРєРѕРІР°РЅС‚Р°Р¶РЅРёР№,8,Р»РµС‚РЅСЏСЏ,Р»С–С‚РЅСЏ,1,195,70,15,104/102,104(900РєРі)/102(850РєРі),R,R(170РєРј/С‡Р°СЃ),Р СѓРјС‹РЅРёСЏ,Р СѓРјСѓРЅС–СЏ,2022,C,,,,,,,1821,Рђ РўР°РµСЂСЃ,РљРёРµРІ,РљРёС—РІ,kiev_ Рђ РўР°РµСЂСЃ,,2022-10-04 12:06,1664874361,20,2700,2700.00,uah,3033,2700,4485,0,4485,1,tyre/2497.400x400.jpg,tyre/2497.400x400.jpg,РЁРёРЅС‹,1957015
Р»РµРіРєРѕРІС‹Рµ С€РёРЅС‹,262093,262093,1000262093,Kleber,1460,Transpro,2497,195/75 R16C 107/105R,Kleber Transpro 195/75 R16C 107/105R,Р»РµРіРєРѕРіСЂСѓР·РѕРІРѕР№,Р»РµРіРєРѕРІР°РЅС‚Р°Р¶РЅРёР№,8,Р»РµС‚РЅСЏСЏ,Р»С–С‚РЅСЏ,1,195,75,16,107/105,107(975РєРі)/105(925РєРі),R,R(170РєРј/С‡Р°СЃ),Р СѓРјС‹РЅРёСЏ,Р СѓРјСѓРЅС–СЏ,2022,C,,,,,,,1821,Рђ РўР°РµСЂСЃ,РљРёРµРІ,РљРёС—РІ,kiev_ Рђ РўР°РµСЂСЃ,,2022-10-04 12:06,1664874361,20,2895,2895.00,uah,3253,2895,4729,0,4729,1,tyre/2497.400x400.jpg,tyre/2497.400x400.jpg,РЁРёРЅС‹,1957516
Р»РµРіРєРѕРІС‹Рµ С€РёРЅС‹,263428,263428,1000263428,Kleber,1460,Transpro,2497,205/65 R15C 102/100T,Kleber Transpro 205/65 R15C 102/100T,Р»РµРіРєРѕРіСЂСѓР·РѕРІРѕР№,Р»РµРіРєРѕРІР°РЅС‚Р°Р¶РЅРёР№,8,Р»РµС‚РЅСЏСЏ,Р»С–С‚РЅСЏ,1,205,65,15,102/100,102(850РєРі)/100(800РєРі),T,T(190РєРј/С‡Р°СЃ),Р СѓРјС‹РЅРёСЏ,Р СѓРјСѓРЅС–СЏ,2021,C,,,,,,,1821,Рђ РўР°РµСЂСЃ,РљРёРµРІ,РљРёС—РІ,kiev_ Рђ РўР°РµСЂСЃ,,2022-10-04 12:06,1664874361,10,3023,3023.00,uah,3396,3023,4986,0,4986,1,tyre/2497.400x400.jpg,tyre/2497.400x400.jpg,РЁРёРЅС‹,2056515
Р»РµРіРєРѕРІС‹Рµ С€РёРЅС‹,262073,262073,1000262073,Kleber,1460,Transpro,2497,205/65 R16C 107/105T,Kleber Transpro 205/65 R16C 107/105T,Р»РµРіРєРѕРіСЂСѓР·РѕРІРѕР№,Р»РµРіРєРѕРІР°РЅС‚Р°Р¶РЅРёР№,8,Р»РµС‚РЅСЏСЏ,Р»С–С‚РЅСЏ,1,205,65,16,107/105,107(975РєРі)/105(925РєРі),T,T(190РєРј/С‡Р°СЃ),Р СѓРјС‹РЅРёСЏ,Р СѓРјСѓРЅС–СЏ,2022,C,,,,,,,1821,Рђ РўР°РµСЂСЃ,РљРёРµРІ,РљРёС—РІ,kiev_ Рђ РўР°РµСЂСЃ,,2022-10-04 12:06,1664874361,2,3620,3620.00,uah,4067,3620,5839,0,5839,1,tyre/2497.400x400.jpg,tyre/2497.400x400.jpg,РЁРёРЅС‹,2056516
Р»РµРіРєРѕРІС‹Рµ С€РёРЅС‹,303435,303435,1000303435,Kleber,1460,Transpro,2497,205/70 R15C 106/104R,Kleber Transpro 205/70 R15C 106/104R,Р»РµРіРєРѕРіСЂСѓР·РѕРІРѕР№,Р»РµРіРєРѕРІР°РЅС‚Р°Р¶РЅРёР№,8,Р»РµС‚РЅСЏСЏ,Р»С–С‚РЅСЏ,1,205,70,15,106/104,106(950РєРі)/104(900РєРі),R,R(170РєРј/С‡Р°СЃ),Р СѓРјС‹РЅРёСЏ,Р СѓРјСѓРЅС–СЏ,2022,C,,,,,,,1821,Рђ РўР°РµСЂСЃ,РљРёРµРІ,РљРёС—РІ,kiev_ Рђ РўР°РµСЂСЃ,,2022-10-04 12:06,1664874361,15,3350,3350.00,uah,3764,3350,5493,0,5493,1,tyre/2497.400x400.jpg,tyre/2497.400x400.jpg,РЁРёРЅС‹,2057015
Р»РµРіРєРѕРІС‹Рµ С€РёРЅС‹,260326,260326,1000260326,Kleber,1460,Transpro,2497,205/75 R16C 110/108R,Kleber Transpro 205/75 R16C 110/108R,Р»РµРіРєРѕРіСЂСѓР·РѕРІРѕР№,Р»РµРіРєРѕРІР°РЅС‚Р°Р¶РЅРёР№,8,Р»РµС‚РЅСЏСЏ,Р»С–С‚РЅСЏ,1,205,75,16,110/108,110(1060РєРі)/108(1000РєРі),R,R(170РєРј/С‡Р°СЃ),Р СѓРјС‹РЅРёСЏ,Р СѓРјСѓРЅС–СЏ,2022,C,,,,,,,1821,Рђ РўР°РµСЂСЃ,РљРёРµРІ,РљРёС—РІ,kiev_ Рђ РўР°РµСЂСЃ,,2022-10-04 12:06,1664874361,10,3895,3895.00,uah,4376,3895,6259,0,6259,1,tyre/2497.400x400.jpg,tyre/2497.400x400.jpg,РЁРёРЅС‹,2057516
Р»РµРіРєРѕРІС‹Рµ С€РёРЅС‹,319201,319201,1000319201,Kleber,1460,Transpro,2497,215/60 R16C 103/101T,Kleber Transpro 215/60 R16C 103/101T,Р»РµРіРєРѕРіСЂСѓР·РѕРІРѕР№,Р»РµРіРєРѕРІР°РЅС‚Р°Р¶РЅРёР№,8,Р»РµС‚РЅСЏСЏ,Р»С–С‚РЅСЏ,1,215,60,16,103/101,103(875РєРі)/101(825РєРі),T,T(190РєРј/С‡Р°СЃ),Р СѓРјС‹РЅРёСЏ,Р СѓРјСѓРЅС–СЏ,2022,C,,,,,,,1821,Рђ РўР°РµСЂСЃ,РљРёРµРІ,РљРёС—РІ,kiev_ Рђ РўР°РµСЂСЃ,,2022-10-04 12:06,1664874361,20,4042,4042.00,uah,4541,4042,6484,0,6484,1,tyre/2497.400x400.jpg,tyre/2497.400x400.jpg,РЁРёРЅС‹,2156016
Р»РµРіРєРѕРІС‹Рµ С€РёРЅС‹,317971,317971,1000317971,Kleber,1460,Transpro,2497,215/65 R15C 104/102T,Kleber Transpro 215/65 R15C 104/102T,Р»РµРіРєРѕРіСЂСѓР·РѕРІРѕР№,Р»РµРіРєРѕРІР°РЅС‚Р°Р¶РЅРёР№,8,Р»РµС‚РЅСЏСЏ,Р»С–С‚РЅСЏ,1,215,65,15,104/102,104(900РєРі)/102(850РєРі),T,T(190РєРј/С‡Р°СЃ),Р СѓРјС‹РЅРёСЏ,Р СѓРјСѓРЅС–СЏ,2022,C,,,,,,,1821,Рђ РўР°РµСЂСЃ,РљРёРµРІ,РљРёС—РІ,kiev_ Рђ РўР°РµСЂСЃ,,2022-10-04 12:06,1664874361,4,3650,3650.00,uah,4101,3650,5958,0,5958,1,tyre/2497.400x400.jpg,tyre/2497.400x400.jpg,РЁРёРЅС‹,2156515
Р»РµРіРєРѕРІС‹Рµ С€РёРЅС‹,263509,263509,1000263509,Kleber,1460,Transpro,2497,215/65 R16C 109/107T,Kleber Transpro 215/65 R16C 109/107T,Р»РµРіРєРѕРіСЂСѓР·РѕРІРѕР№,Р»РµРіРєРѕРІР°РЅС‚Р°Р¶РЅРёР№,8,Р»РµС‚РЅСЏСЏ,Р»С–С‚РЅСЏ,1,215,65,16,109/107,109(1030РєРі)/107(975РєРі),T,T(190РєРј/С‡Р°СЃ),Р СѓРјС‹РЅРёСЏ,Р СѓРјСѓРЅС–СЏ,2022,C,,,,,,,1821,Рђ РўР°РµСЂСЃ,РљРёРµРІ,РљРёС—РІ,kiev_ Рђ РўР°РµСЂСЃ,,2022-10-04 12:06,1664874361,8,3875,3875.00,uah,4354,3875,6229,0,6229,1,tyre/2497.400x400.jpg,tyre/2497.400x400.jpg,РЁРёРЅС‹,2156516
Р»РµРіРєРѕРІС‹Рµ С€РёРЅС‹,259744,259744,1000259744,Kleber,1460,Transpro,2497,215/70 R15C 109/107S,Kleber Transpro 215/70 R15C 109/107S,Р»РµРіРєРѕРіСЂСѓР·РѕРІРѕР№,Р»РµРіРєРѕРІР°РЅС‚Р°Р¶РЅРёР№,8,Р»РµС‚РЅСЏСЏ,Р»С–С‚РЅСЏ,1,215,70,15,109/107,109(1030РєРі)/107(975РєРі),S,S(180РєРј/С‡Р°СЃ),Р СѓРјС‹РЅРёСЏ,Р СѓРјСѓРЅС–СЏ,2022,C,,,,,,,1821,Рђ РўР°РµСЂСЃ,РљРёРµРІ,РљРёС—РІ,kiev_ Рђ РўР°РµСЂСЃ,,2022-10-04 12:06,1664874361,16,3595,3595.00,uah,4039,3595,5872,0,5872,1,tyre/2497.400x400.jpg,tyre/2497.400x400.jpg,РЁРёРЅС‹,2157015
Р»РµРіРєРѕРІС‹Рµ С€РёРЅС‹,325644,325644,1000325644,Kleber,1460,Transpro,2497,215/75 R16C 116/114R,Kleber Transpro 215/75 R16C 116/114R,Р»РµРіРєРѕРіСЂСѓР·РѕРІРѕР№,Р»РµРіРєРѕРІР°РЅС‚Р°Р¶РЅРёР№,8,Р»РµС‚РЅСЏСЏ,Р»С–С‚РЅСЏ,1,215,75,16,116/114,116(1250РєРі)/114(1180РєРі),R,R(170РєРј/С‡Р°СЃ),РџРѕР»СЊС€Р°,РџРѕР»СЊС‰Р°,2022,C,,,,,,,1821,Рђ РўР°РµСЂСЃ,РљРёРµРІ,РљРёС—РІ,kiev_ Рђ РўР°РµСЂСЃ,,2022-10-04 12:06,1664874361,20,3908,3908.00,uah,4391,3908,6279,0,6279,1,tyre/2497.400x400.jpg,tyre/2497.400x400.jpg,РЁРёРЅС‹,2157516
Р»РµРіРєРѕРІС‹Рµ С€РёРЅС‹,260387,260387,1000260387,Kleber,1460,Transpro,2497,225/65 R16C 112/110R,Kleber Transpro 225/65 R16C 112/110R,Р»РµРіРєРѕРіСЂСѓР·РѕРІРѕР№,Р»РµРіРєРѕРІР°РЅС‚Р°Р¶РЅРёР№,8,Р»РµС‚РЅСЏСЏ,Р»С–С‚РЅСЏ,1,225,65,16,112/110,112(1120РєРі)/110(1060РєРі),R,R(170РєРј/С‡Р°СЃ),Р СѓРјС‹РЅРёСЏ,Р СѓРјСѓРЅС–СЏ,2022,C,,,,,,,1821,Рђ РўР°РµСЂСЃ,РљРёРµРІ,РљРёС—РІ,kiev_ Рђ РўР°РµСЂСЃ,,2022-10-04 12:06,1664874361,20,4125,4125.00,uah,4634,4125,6611,0,6611,1,tyre/2497.400x400.jpg,tyre/2497.400x400.jpg,РЁРёРЅС‹,2256516
Р»РµРіРєРѕРІС‹Рµ С€РёРЅС‹,259802,259802,1000259802,Kleber,1460,Transpro,2497,225/70 R15C 112/110S,Kleber Transpro 225/70 R15C 112/110S,Р»РµРіРєРѕРіСЂСѓР·РѕРІРѕР№,Р»РµРіРєРѕРІР°РЅС‚Р°Р¶РЅРёР№,8,Р»РµС‚РЅСЏСЏ,Р»С–С‚РЅСЏ,1,225,70,15,112/110,112(1120РєРі)/110(1060РєРі),S,S(180РєРј/С‡Р°СЃ),Р СѓРјС‹РЅРёСЏ,Р СѓРјСѓРЅС–СЏ,2022,C,,,,,,,1821,Рђ РўР°РµСЂСЃ,РљРёРµРІ,РљРёС—РІ,kiev_ Рђ РўР°РµСЂСЃ,,2022-10-04 12:06,1664874361,20,3525,3525.00,uah,3960,3525,5764,0,5764,1,tyre/2497.400x400.jpg,tyre/2497.400x400.jpg,РЁРёРЅС‹,2257015
Р»РµРіРєРѕРІС‹Рµ С€РёРЅС‹,273488,273488,1000273488,Kleber,1460,Transpro,2497,225/75 R16C 118/116R,Kleber Transpro 225/75 R16C 118/116R,Р»РµРіРєРѕРіСЂСѓР·РѕРІРѕР№,Р»РµРіРєРѕРІР°РЅС‚Р°Р¶РЅРёР№,8,Р»РµС‚РЅСЏСЏ,Р»С–С‚РЅСЏ,1,225,75,16,118/116,118(1320РєРі)/116(1250РєРі),R,R(170РєРј/С‡Р°СЃ),РџРѕР»СЊС€Р°,РџРѕР»СЊС‰Р°,2022,C,,,,,,,1821,Рђ РўР°РµСЂСЃ,РљРёРµРІ,РљРёС—РІ,kiev_ Рђ РўР°РµСЂСЃ,,2022-10-04 12:06,1664874361,20,4479,4479.00,uah,5032,4479,7153,0,7153,1,tyre/2497.400x400.jpg,tyre/2497.400x400.jpg,РЁРёРЅС‹,2257516
Р»РµРіРєРѕРІС‹Рµ С€РёРЅС‹,262172,262172,1000262172,Kleber,1460,Transpro,2497,235/65 R16C 115/113R,Kleber Transpro 235/65 R16C 115/113R,Р»РµРіРєРѕРіСЂСѓР·РѕРІРѕР№,Р»РµРіРєРѕРІР°РЅС‚Р°Р¶РЅРёР№,8,Р»РµС‚РЅСЏСЏ,Р»С–С‚РЅСЏ,1,235,65,16,115/113,115(1215РєРі)/113(1150РєРі),R,R(170РєРј/С‡Р°СЃ),Р СѓРјС‹РЅРёСЏ,Р СѓРјСѓРЅС–СЏ,2022,C,,,,,,,1821,Рђ РўР°РµСЂСЃ,РљРёРµРІ,РљРёС—РІ,kiev_ Рђ РўР°РµСЂСЃ,,2022-10-04 12:06,1664874361,11,4775,4775.00,uah,5365,4775,7606,0,7606,1,tyre/2497.400x400.jpg,tyre/2497.400x400.jpg,РЁРёРЅС‹,2356516
Р»РµРіРєРѕРІС‹Рµ С€РёРЅС‹,312286,312286,1000312286,Kleber,1460,Transpro 4S,6397,195/65 R16C 104/102R,Kleber Transpro 4S 195/65 R16C 104/102R,Р»РµРіРєРѕРіСЂСѓР·РѕРІРѕР№,Р»РµРіРєРѕРІР°РЅС‚Р°Р¶РЅРёР№,8,РІСЃРµСЃРµР·РѕРЅРЅР°СЏ,РІСЃРµСЃРµР·РѕРЅРЅР°,3,195,65,16,104/102,104(900РєРі)/102(850РєРі),R,R(170РєРј/С‡Р°СЃ),Р СѓРјС‹РЅРёСЏ,Р СѓРјСѓРЅС–СЏ,2022,C,,,,,,,1821,Рђ РўР°РµСЂСЃ,РљРёРµРІ,РљРёС—РІ,kiev_ Рђ РўР°РµСЂСЃ,,2022-10-04 12:06,1664874361,8,3364,3364.00,uah,3779,3364,5447,0,5447,1,tyre/6397.400x400.jpg,tyre/6397.400x400.jpg,РЁРёРЅС‹,1956516
Р»РµРіРєРѕРІС‹Рµ С€РёРЅС‹,325916,325916,1000325916,Kleber,1460,Transpro 4S,6397,215/60 R16C 103/101T,Kleber Transpro 4S 215/60 R16C 103/101T,Р»РµРіРєРѕРіСЂСѓР·РѕРІРѕР№,Р»РµРіРєРѕРІР°РЅС‚Р°Р¶РЅРёР№,8,РІСЃРµСЃРµР·РѕРЅРЅР°СЏ,РІСЃРµСЃРµР·РѕРЅРЅР°,3,215,60,16,103/101,103(875РєРі)/101(825РєРі),T,T(190РєРј/С‡Р°СЃ),Р СѓРјС‹РЅРёСЏ,Р СѓРјСѓРЅС–СЏ,2022,C,,,,,,,1821,Рђ РўР°РµСЂСЃ,РљРёРµРІ,РљРёС—РІ,kiev_ Рђ РўР°РµСЂСЃ,,2022-10-04 12:06,1664874361,4,3795,3795.00,uah,4264,3795,6106,0,6106,1,tyre/6397.400x400.jpg,tyre/6397.400x400.jpg,РЁРёРЅС‹,2156016
Р»РµРіРєРѕРІС‹Рµ С€РёРЅС‹,312283,312283,1000312283,Kleber,1460,Transpro 4S,6397,225/65 R16C 112/110R,Kleber Transpro 4S 225/65 R16C 112/110R,Р»РµРіРєРѕРіСЂСѓР·РѕРІРѕР№,Р»РµРіРєРѕРІР°РЅС‚Р°Р¶РЅРёР№,8,РІСЃРµСЃРµР·РѕРЅРЅР°СЏ,РІСЃРµСЃРµР·РѕРЅРЅР°,3,225,65,16,112/110,112(1120РєРі)/110(1060РєРі),R,R(170РєРј/С‡Р°СЃ),Р СѓРјС‹РЅРёСЏ,Р СѓРјСѓРЅС–СЏ,2022,C,,,,,,,1821,Рђ РўР°РµСЂСЃ,РљРёРµРІ,РљРёС—РІ,kiev_ Рђ РўР°РµСЂСЃ,,2022-10-04 12:06,1664874361,8,4350,4350.00,uah,4887,4350,6956,0,6956,1,tyre/6397.400x400.jpg,tyre/6397.400x400.jpg,РЁРёРЅС‹,2256516
Р»РµРіРєРѕРІС‹Рµ С€РёРЅС‹,376050,376050,1000376050,Michelin,1514,AGILIS 3,10330,195/60 R16C 99/97H,Michelin AGILIS 3 195/60 R16C 99/97H,Р»РµРіРєРѕРіСЂСѓР·РѕРІРѕР№,Р»РµРіРєРѕРІР°РЅС‚Р°Р¶РЅРёР№,8,Р»РµС‚РЅСЏСЏ,Р»С–С‚РЅСЏ,1,195,60,16,99/97,99(775РєРі)/97(730РєРі),H,H(210РєРј/С‡Р°СЃ),РС‚Р°Р»РёСЏ,Р†С‚Р°Р»С–СЏ,2020,C,,,,,,,1821,Рђ РўР°РµСЂСЃ,РљРёРµРІ,РљРёС—РІ,kiev_ Рђ РўР°РµСЂСЃ,,2022-10-04 12:06,1664874361,4,3650,3650.00,uah,4101,3650,5885,0,5885,1,tyre/10330.400x400.jpg,tyre/10330.400x400.jpg,РЁРёРЅС‹,1956016
Р»РµРіРєРѕРІС‹Рµ С€РёРЅС‹,361760,361760,1000361760,Michelin,1514,AGILIS 3,10330,195/65 R16C 104/102R,Michelin AGILIS 3 195/65 R16C 104/102R,Р»РµРіРєРѕРіСЂСѓР·РѕРІРѕР№,Р»РµРіРєРѕРІР°РЅС‚Р°Р¶РЅРёР№,8,Р»РµС‚РЅСЏСЏ,Р»С–С‚РЅСЏ,1,195,65,16,104/102,104(900РєРі)/102(850РєРі),R,R(170РєРј/С‡Р°СЃ),Р¤СЂР°РЅС†РёСЏ,Р¤СЂР°РЅС†С–СЏ,2022,C,,,,,,,1821,Рђ РўР°РµСЂСЃ,РљРёРµРІ,РљРёС—РІ,kiev_ Рђ РўР°РµСЂСЃ,,2022-10-04 12:06,1664874361,13,3815,3815.00,uah,4286,3815,6137,0,6137,1,tyre/10330.400x400.jpg,tyre/10330.400x400.jpg,РЁРёРЅС‹,1956516
Р»РµРіРєРѕРІС‹Рµ С€РёРЅС‹,359914,359914,1000359914,Michelin,1514,AGILIS 3,10330,195/70 R15C 104/102R,Michelin AGILIS 3 195/70 R15C 104/102R,Р»РµРіРєРѕРіСЂСѓР·РѕРІРѕР№,Р»РµРіРєРѕРІР°РЅС‚Р°Р¶РЅРёР№,8,Р»РµС‚РЅСЏСЏ,Р»С–С‚РЅСЏ,1,195,70,15,104/102,104(900РєРі)/102(850РєРі),R,R(170РєРј/С‡Р°СЃ),Р¤СЂР°РЅС†РёСЏ,Р¤СЂР°РЅС†С–СЏ,2022,C,,,,,,,1821,Рђ РўР°РµСЂСЃ,РљРёРµРІ,РљРёС—РІ,kiev_ Рђ РўР°РµСЂСЃ,,2022-10-04 12:06,1664874361,5,3975,3975.00,uah,4466,3975,6461,0,6461,1,tyre/10330.400x400.jpg,tyre/10330.400x400.jpg,РЁРёРЅС‹,1957015
Р»РµРіРєРѕРІС‹Рµ С€РёРЅС‹,360318,360318,1000360318,Michelin,1514,AGILIS 3,10330,205/65 R16C 107/105T,Michelin AGILIS 3 205/65 R16C 107/105T,Р»РµРіРєРѕРіСЂСѓР·РѕРІРѕР№,Р»РµРіРєРѕРІР°РЅС‚Р°Р¶РЅРёР№,8,Р»РµС‚РЅСЏСЏ,Р»С–С‚РЅСЏ,1,205,65,16,107/105,107(975РєРі)/105(925РєРі),T,T(190РєРј/С‡Р°СЃ),Р¤СЂР°РЅС†РёСЏ,Р¤СЂР°РЅС†С–СЏ,2021,C,,,,,,,1821,Рђ РўР°РµСЂСЃ,РљРёРµРІ,РљРёС—РІ,kiev_ Рђ РўР°РµСЂСЃ,,2022-10-04 12:06,1664874361,7,5195,5195.00,uah,5837,5195,8248,0,8248,1,tyre/10330.400x400.jpg,tyre/10330.400x400.jpg,РЁРёРЅС‹,2056516
Р»РµРіРєРѕРІС‹Рµ С€РёРЅС‹,375251,375251,1000375251,Michelin,1514,AGILIS 3,10330,205/70 R15C 106/104R,Michelin AGILIS 3 205/70 R15C 106/104R,Р»РµРіРєРѕРіСЂСѓР·РѕРІРѕР№,Р»РµРіРєРѕРІР°РЅС‚Р°Р¶РЅРёР№,8,Р»РµС‚РЅСЏСЏ,Р»С–С‚РЅСЏ,1,205,70,15,106/104,106(950РєРі)/104(900РєРі),R,R(170РєРј/С‡Р°СЃ),Р¤СЂР°РЅС†РёСЏ,Р¤СЂР°РЅС†С–СЏ,2021,C,,,,,,,1821,Рђ РўР°РµСЂСЃ,РљРёРµРІ,РљРёС—РІ,kiev_ Рђ РўР°РµСЂСЃ,,2022-10-04 12:06,1664874361,8,3950,3950.00,uah,4438,3950,6423,0,6423,1,tyre/10330.400x400.jpg,tyre/10330.400x400.jpg,РЁРёРЅС‹,2057015
Р»РµРіРєРѕРІС‹Рµ С€РёРЅС‹,376326,376326,1000376326,Michelin,1514,AGILIS 3,10330,215/65 R15C 104/102T,Michelin AGILIS 3 215/65 R15C 104/102T,Р»РµРіРєРѕРіСЂСѓР·РѕРІРѕР№,Р»РµРіРєРѕРІР°РЅС‚Р°Р¶РЅРёР№,8,Р»РµС‚РЅСЏСЏ,Р»С–С‚РЅСЏ,1,215,65,15,104/102,104(900РєРі)/102(850РєРі),T,T(190РєРј/С‡Р°СЃ),РС‚Р°Р»РёСЏ,Р†С‚Р°Р»С–СЏ,2022,C,,,,,,,1821,Рђ РўР°РµСЂСЃ,РљРёРµРІ,РљРёС—РІ,kiev_ Рђ РўР°РµСЂСЃ,,2022-10-04 12:06,1664874361,4,5695,5695.00,uah,6398,5695,9127,0,9127,1,tyre/10330.400x400.jpg,tyre/10330.400x400.jpg,РЁРёРЅС‹,2156515
Р»РµРіРєРѕРІС‹Рµ С€РёРЅС‹,377180,377180,1000377180,Michelin,1514,AGILIS 3,10330,215/65 R16C 106/104T,Michelin AGILIS 3 215/65 R16C 106/104T,Р»РµРіРєРѕРіСЂСѓР·РѕРІРѕР№,Р»РµРіРєРѕРІР°РЅС‚Р°Р¶РЅРёР№,8,Р»РµС‚РЅСЏСЏ,Р»С–С‚РЅСЏ,1,215,65,16,106/104,106(950РєРі)/104(900РєРі),T,T(190РєРј/С‡Р°СЃ),РС‚Р°Р»РёСЏ,Р†С‚Р°Р»С–СЏ,2021,C,,,,,,,1821,Рђ РўР°РµСЂСЃ,РљРёРµРІ,РљРёС—РІ,kiev_ Рђ РўР°РµСЂСЃ,,2022-10-04 12:06,1664874361,3,4950,4950.00,uah,5561,4950,7874,0,7874,1,tyre/10330.400x400.jpg,tyre/10330.400x400.jpg,РЁРёРЅС‹,2156516
Р»РµРіРєРѕРІС‹Рµ С€РёРЅС‹,376952,376952,1000376952,Michelin,1514,AGILIS 3,10330,215/75 R16C 116/114R,Michelin AGILIS 3 215/75 R16C 116/114R,Р»РµРіРєРѕРіСЂСѓР·РѕРІРѕР№,Р»РµРіРєРѕРІР°РЅС‚Р°Р¶РЅРёР№,8,Р»РµС‚РЅСЏСЏ,Р»С–С‚РЅСЏ,1,215,75,16,116/114,116(1250РєРі)/114(1180РєРі),R,R(170РєРј/С‡Р°СЃ),Р¤СЂР°РЅС†РёСЏ,Р¤СЂР°РЅС†С–СЏ,2022,C,,,,,,,1821,Рђ РўР°РµСЂСЃ,РљРёРµРІ,РљРёС—РІ,kiev_ Рђ РўР°РµСЂСЃ,,2022-10-04 12:06,1664874361,4,7350,7350.00,uah,8258,7350,11546,0,11546,1,tyre/10330.400x400.jpg,tyre/10330.400x400.jpg,РЁРёРЅС‹,2157516
Р»РµРіРєРѕРІС‹Рµ С€РёРЅС‹,360271,360271,1000360271,Michelin,1514,AGILIS 3,10330,225/65 R16C 112/110R,Michelin AGILIS 3 225/65 R16C 112/110R,Р»РµРіРєРѕРіСЂСѓР·РѕРІРѕР№,Р»РµРіРєРѕРІР°РЅС‚Р°Р¶РЅРёР№,8,Р»РµС‚РЅСЏСЏ,Р»С–С‚РЅСЏ,1,225,65,16,112/110,112(1120РєРі)/110(1060РєРі),R,R(170РєРј/С‡Р°СЃ),,,2022,C,,,,,,,1821,Рђ РўР°РµСЂСЃ,РљРёРµРІ,РљРёС—РІ,kiev_ Рђ РўР°РµСЂСЃ,,2022-10-04 12:06,1664874361,6,7075,7075.00,uah,7949,7075,11125,0,11125,1,tyre/10330.400x400.jpg,tyre/10330.400x400.jpg,РЁРёРЅС‹,2256516
Р»РµРіРєРѕРІС‹Рµ С€РёРЅС‹,359986,359986,1000359986,Michelin,1514,AGILIS 3,10330,225/70 R15C 112/110S,Michelin AGILIS 3 225/70 R15C 112/110S,Р»РµРіРєРѕРіСЂСѓР·РѕРІРѕР№,Р»РµРіРєРѕРІР°РЅС‚Р°Р¶РЅРёР№,8,Р»РµС‚РЅСЏСЏ,Р»С–С‚РЅСЏ,1,225,70,15,112/110,112(1120РєРі)/110(1060РєРі),S,S(180РєРј/С‡Р°СЃ),Р¤СЂР°РЅС†РёСЏ,Р¤СЂР°РЅС†С–СЏ,2022,C,,,,,,,1821,Рђ РўР°РµСЂСЃ,РљРёРµРІ,РљРёС—РІ,kiev_ Рђ РўР°РµСЂСЃ,,2022-10-04 12:06,1664874361,12,5650,5650.00,uah,6348,5650,9058,0,9058,1,tyre/10330.400x400.jpg,tyre/10330.400x400.jpg,РЁРёРЅС‹,2257015
Р»РµРіРєРѕРІС‹Рµ С€РёРЅС‹,376035,376035,1000376035,Michelin,1514,AGILIS 3,10330,225/75 R16C 118/116R,Michelin AGILIS 3 225/75 R16C 118/116R,Р»РµРіРєРѕРіСЂСѓР·РѕРІРѕР№,Р»РµРіРєРѕРІР°РЅС‚Р°Р¶РЅРёР№,8,Р»РµС‚РЅСЏСЏ,Р»С–С‚РЅСЏ,1,225,75,16,118/116,118(1320РєРі)/116(1250РєРі),R,R(170РєРј/С‡Р°СЃ),Р¤СЂР°РЅС†РёСЏ,Р¤СЂР°РЅС†С–СЏ,2022,C,,,,,,,1821,Рђ РўР°РµСЂСЃ,РљРёРµРІ,РљРёС—РІ,kiev_ Рђ РўР°РµСЂСЃ,,2022-10-04 12:06,1664874361,10,7850,7850.00,uah,8819,7850,12311,0,12311,1,tyre/10330.400x400.jpg,tyre/10330.400x400.jpg,РЁРёРЅС‹,2257516
Р»РµРіРєРѕРІС‹Рµ С€РёРЅС‹,359695,359695,1000359695,Michelin,1514,AGILIS 3,10330,235/65 R16C 115/113R,Michelin AGILIS 3 235/65 R16C 115/113R,Р»РµРіРєРѕРіСЂСѓР·РѕРІРѕР№,Р»РµРіРєРѕРІР°РЅС‚Р°Р¶РЅРёР№,8,Р»РµС‚РЅСЏСЏ,Р»С–С‚РЅСЏ,1,235,65,16,115/113,115(1215РєРі)/113(1150РєРі),R,R(170РєРј/С‡Р°СЃ),РџРѕР»СЊС€Р°,РџРѕР»СЊС‰Р°,2022,C,,,,,,,1821,Рђ РўР°РµСЂСЃ,РљРёРµРІ,РљРёС—РІ,kiev_ Рђ РўР°РµСЂСЃ,,2022-10-04 12:06,1664874361,16,6795,6795.00,uah,7634,6795,10696,0,10696,1,tyre/10330.400x400.jpg,tyre/10330.400x400.jpg,РЁРёРЅС‹,2356516
Р»РµРіРєРѕРІС‹Рµ С€РёРЅС‹,362480,362480,1000362480,Michelin,1514,AGILIS 3,10330,235/65 R16C 121/119R,Michelin AGILIS 3 235/65 R16C 121/119R,Р»РµРіРєРѕРіСЂСѓР·РѕРІРѕР№,Р»РµРіРєРѕРІР°РЅС‚Р°Р¶РЅРёР№,8,Р»РµС‚РЅСЏСЏ,Р»С–С‚РЅСЏ,1,235,65,16,121/119,121(1450РєРі)/119(1360РєРі),R,R(170РєРј/С‡Р°СЃ),Р¤СЂР°РЅС†РёСЏ,Р¤СЂР°РЅС†С–СЏ,2022,C,,,,,,,1821,Рђ РўР°РµСЂСЃ,РљРёРµРІ,РљРёС—РІ,kiev_ Рђ РўР°РµСЂСЃ,,2022-10-04 12:06,1664874361,6,7595,7595.00,uah,8533,7595,11920,0,11920,1,tyre/10330.400x400.jpg,tyre/10330.400x400.jpg,РЁРёРЅС‹,2356516
Р»РµРіРєРѕРІС‹Рµ С€РёРЅС‹,308282,308282000001,1000308282,Michelin,1514,Agilis 51 Snow-Ice,3003,215/65 R15C 104/102T,Michelin Agilis 51 Snow-Ice 215/65 R15C 104/102T,Р»РµРіРєРѕРіСЂСѓР·РѕРІРѕР№,Р»РµРіРєРѕРІР°РЅС‚Р°Р¶РЅРёР№,8,Р·РёРјРЅСЏСЏ,Р·РёРјРѕРІР°,2,215,65,15,104/102,104(900РєРі)/102(850РєРі),T,T(190РєРј/С‡Р°СЃ),РС‚Р°Р»РёСЏ,Р†С‚Р°Р»С–СЏ,2022,C,,,,,,,1821,Рђ РўР°РµСЂСЃ,РљРёРµРІ,РљРёС—РІ,kiev_ Рђ РўР°РµСЂСЃ,,2022-10-04 12:06,1664874361,4,6450,6450.00,uah,7247,6450,10298,0,10298,1,tyre/3003.400x400.jpg,tyre/3003.400x400.jpg,РЁРёРЅС‹,2156515
Р»РµРіРєРѕРІС‹Рµ С€РёРЅС‹,297115,297115,1000297115,Michelin,1514,Agilis Alpin,3006,195/60 R16C 99/97T,Michelin Agilis Alpin 195/60 R16C 99/97T,Р»РµРіРєРѕРіСЂСѓР·РѕРІРѕР№,Р»РµРіРєРѕРІР°РЅС‚Р°Р¶РЅРёР№,8,Р·РёРјРЅСЏСЏ,Р·РёРјРѕРІР°,2,195,60,16,99/97,99(775РєРі)/97(730РєРі),T,T(190РєРј/С‡Р°СЃ),Р¤СЂР°РЅС†РёСЏ,Р¤СЂР°РЅС†С–СЏ,2022,C,,,,,,,1821,Рђ РўР°РµСЂСЃ,РљРёРµРІ,РљРёС—РІ,kiev_ Рђ РўР°РµСЂСЃ,,2022-10-04 12:06,1664874361,8,5695,5695.00,uah,6398,5695,9013,0,9013,1,tyre/3006.400x400.jpg,tyre/3006.400x400.jpg,РЁРёРЅС‹,1956016
Р»РµРіРєРѕРІС‹Рµ С€РёРЅС‹,295614,295614,1000295614,Michelin,1514,Agilis Alpin,3006,195/65 R16C 104/102R,Michelin Agilis Alpin 195/65 R16C 104/102R,Р»РµРіРєРѕРіСЂСѓР·РѕРІРѕР№,Р»РµРіРєРѕРІР°РЅС‚Р°Р¶РЅРёР№,8,Р·РёРјРЅСЏСЏ,Р·РёРјРѕРІР°,2,195,65,16,104/102,104(900РєРі)/102(850РєРі),R,R(170РєРј/С‡Р°СЃ),Р¤СЂР°РЅС†РёСЏ,Р¤СЂР°РЅС†С–СЏ,2022,C,,,,,,,1821,Рђ РўР°РµСЂСЃ,РљРёРµРІ,РљРёС—РІ,kiev_ Рђ РўР°РµСЂСЃ,,2022-10-04 12:06,1664874361,4,5675,5675.00,uah,6376,5675,8983,0,8983,1,tyre/3006.400x400.jpg,tyre/3006.400x400.jpg,РЁРёРЅС‹,1956516
Р»РµРіРєРѕРІС‹Рµ С€РёРЅС‹,295135,295135,1000295135,Michelin,1514,Agilis Alpin,3006,195/70 R15C 104/102R,Michelin Agilis Alpin 195/70 R15C 104/102R,Р»РµРіРєРѕРіСЂСѓР·РѕРІРѕР№,Р»РµРіРєРѕРІР°РЅС‚Р°Р¶РЅРёР№,8,Р·РёРјРЅСЏСЏ,Р·РёРјРѕРІР°,2,195,70,15,104/102,104(900РєРі)/102(850РєРі),R,R(170РєРј/С‡Р°СЃ),Р¤СЂР°РЅС†РёСЏ,Р¤СЂР°РЅС†С–СЏ,2021,C,,,,,,,1821,Рђ РўР°РµСЂСЃ,РљРёРµРІ,РљРёС—РІ,kiev_ Рђ РўР°РµСЂСЃ,,2022-10-04 12:06,1664874361,3,4260,4260.00,uah,4786,4260,6903,0,6903,1,tyre/3006.400x400.jpg,tyre/3006.400x400.jpg,РЁРёРЅС‹,1957015
Р»РµРіРєРѕРІС‹Рµ С€РёРЅС‹,295156,295156,1000295156,Michelin,1514,Agilis Alpin,3006,195/75 R16C 107/105R,Michelin Agilis Alpin 195/75 R16C 107/105R,Р»РµРіРєРѕРіСЂСѓР·РѕРІРѕР№,Р»РµРіРєРѕРІР°РЅС‚Р°Р¶РЅРёР№,8,Р·РёРјРЅСЏСЏ,Р·РёРјРѕРІР°,2,195,75,16,107/105,107(975РєРі)/105(925РєРі),R,R(170РєРј/С‡Р°СЃ),Р¤СЂР°РЅС†РёСЏ,Р¤СЂР°РЅС†С–СЏ,2022,C,,,,,,,1821,Рђ РўР°РµСЂСЃ,РљРёРµРІ,РљРёС—РІ,kiev_ Рђ РўР°РµСЂСЃ,,2022-10-04 12:06,1664874361,8,4495,4495.00,uah,5050,4495,7177,0,7177,1,tyre/3006.400x400.jpg,tyre/3006.400x400.jpg,РЁРёРЅС‹,1957516
Р»РµРіРєРѕРІС‹Рµ С€РёРЅС‹,295171,295171,1000295171,Michelin,1514,Agilis Alpin,3006,205/65 R16C 107/105T,Michelin Agilis Alpin 205/65 R16C 107/105T,Р»РµРіРєРѕРіСЂСѓР·РѕРІРѕР№,Р»РµРіРєРѕРІР°РЅС‚Р°Р¶РЅРёР№,8,Р·РёРјРЅСЏСЏ,Р·РёРјРѕРІР°,2,205,65,16,107/105,107(975РєРі)/105(925РєРі),T,T(190РєРј/С‡Р°СЃ),Р¤СЂР°РЅС†РёСЏ,Р¤СЂР°РЅС†С–СЏ,2022,C,,,,,,,1821,Рђ РўР°РµСЂСЃ,РљРёРµРІ,РљРёС—РІ,kiev_ Рђ РўР°РµСЂСЃ,,2022-10-04 12:06,1664874361,10,5885,5885.00,uah,6612,5885,9304,0,9304,1,tyre/3006.400x400.jpg,tyre/3006.400x400.jpg,РЁРёРЅС‹,2056516
Р»РµРіРєРѕРІС‹Рµ С€РёРЅС‹,295142,295142,1000295142,Michelin,1514,Agilis Alpin,3006,205/70 R15C 106/104R,Michelin Agilis Alpin 205/70 R15C 106/104R,Р»РµРіРєРѕРіСЂСѓР·РѕРІРѕР№,Р»РµРіРєРѕРІР°РЅС‚Р°Р¶РЅРёР№,8,Р·РёРјРЅСЏСЏ,Р·РёРјРѕРІР°,2,205,70,15,106/104,106(950РєРі)/104(900РєРі),R,R(170РєРј/С‡Р°СЃ),Р¤СЂР°РЅС†РёСЏ,Р¤СЂР°РЅС†С–СЏ,2020,C,,,,,,,1821,Рђ РўР°РµСЂСЃ,РљРёРµРІ,РљРёС—РІ,kiev_ Рђ РўР°РµСЂСЃ,,2022-10-04 12:06,1664874361,3,4350,4350.00,uah,4887,4350,7043,0,7043,1,tyre/3006.400x400.jpg,tyre/3006.400x400.jpg,РЁРёРЅС‹,2057015
Р»РµРіРєРѕРІС‹Рµ С€РёРЅС‹,316128,316128,1000316128,Michelin,1514,Agilis Alpin,3006,215/60 R17C 104/102H,Michelin Agilis Alpin 215/60 R17C 104/102H,Р»РµРіРєРѕРіСЂСѓР·РѕРІРѕР№,Р»РµРіРєРѕРІР°РЅС‚Р°Р¶РЅРёР№,8,Р·РёРјРЅСЏСЏ,Р·РёРјРѕРІР°,2,215,60,17,104/102,104(900РєРі)/102(850РєРі),H,H(210РєРј/С‡Р°СЃ),РџРѕР»СЊС€Р°,РџРѕР»СЊС‰Р°,2022,C,,,,,,,1821,Рђ РўР°РµСЂСЃ,РљРёРµРІ,РљРёС—РІ,kiev_ Рђ РўР°РµСЂСЃ,,2022-10-04 12:06,1664874361,12,7795,7795.00,uah,8758,7795,12726,0,12726,1,tyre/3006.400x400.jpg,tyre/3006.400x400.jpg,РЁРёРЅС‹,2156017
Р»РµРіРєРѕРІС‹Рµ С€РёРЅС‹,336364,336364,1000336364,Michelin,1514,Agilis Alpin,3006,215/60 R17C 109/107T,Michelin Agilis Alpin 215/60 R17C 109/107T,Р»РµРіРєРѕРіСЂСѓР·РѕРІРѕР№,Р»РµРіРєРѕРІР°РЅС‚Р°Р¶РЅРёР№,8,Р·РёРјРЅСЏСЏ,Р·РёРјРѕРІР°,2,215,60,17,109/107,109(1030РєРі)/107(975РєРі),T,T(190РєРј/С‡Р°СЃ),РџРѕР»СЊС€Р°,РџРѕР»СЊС‰Р°,2022,C,,,,,,,1821,Рђ РўР°РµСЂСЃ,РљРёРµРІ,РљРёС—РІ,kiev_ Рђ РўР°РµСЂСЃ,,2022-10-04 12:06,1664874361,16,8295,8295.00,uah,9319,8295,13491,0,13491,1,tyre/3006.400x400.jpg,tyre/3006.400x400.jpg,РЁРёРЅС‹,2156017
Р»РµРіРєРѕРІС‹Рµ С€РёРЅС‹,295187,295187,1000295187,Michelin,1514,Agilis Alpin,3006,215/65 R16C 109/107R,Michelin Agilis Alpin 215/65 R16C 109/107R,Р»РµРіРєРѕРіСЂСѓР·РѕРІРѕР№,Р»РµРіРєРѕРІР°РЅС‚Р°Р¶РЅРёР№,8,Р·РёРјРЅСЏСЏ,Р·РёРјРѕРІР°,2,215,65,16,109/107,109(1030РєРі)/107(975РєРі),R,R(170РєРј/С‡Р°СЃ),Р¤СЂР°РЅС†РёСЏ,Р¤СЂР°РЅС†С–СЏ,2022,C,,,,,,,1821,Рђ РўР°РµСЂСЃ,РљРёРµРІ,РљРёС—РІ,kiev_ Рђ РўР°РµСЂСЃ,,2022-10-04 12:06,1664874361,2,5779,5779.00,uah,6493,5779,9142,0,9142,1,tyre/3006.400x400.jpg,tyre/3006.400x400.jpg,РЁРёРЅС‹,2156516
Р»РµРіРєРѕРІС‹Рµ С€РёРЅС‹,295143,295143,1000295143,Michelin,1514,Agilis Alpin,3006,215/70 R15C 109/107R,Michelin Agilis Alpin 215/70 R15C 109/107R,Р»РµРіРєРѕРіСЂСѓР·РѕРІРѕР№,Р»РµРіРєРѕРІР°РЅС‚Р°Р¶РЅРёР№,8,Р·РёРјРЅСЏСЏ,Р·РёРјРѕРІР°,2,215,70,15,109/107,109(1030РєРі)/107(975РєРі),R,R(170РєРј/С‡Р°СЃ),Р¤СЂР°РЅС†РёСЏ,Р¤СЂР°РЅС†С–СЏ,2019,C,,,,,,,1821,Рђ РўР°РµСЂСЃ,РљРёРµРІ,РљРёС—РІ,kiev_ Рђ РўР°РµСЂСЃ,,2022-10-04 12:06,1664874361,12,4495,4495.00,uah,5050,4495,7267,0,7267,1,tyre/3006.400x400.jpg,tyre/3006.400x400.jpg,РЁРёРЅС‹,2157015
Р»РµРіРєРѕРІС‹Рµ С€РёРЅС‹,308495,308495,1000308495,Michelin,1514,Agilis Alpin,3006,215/75 R16C 113/111R,Michelin Agilis Alpin 215/75 R16C 113/111R,Р»РµРіРєРѕРіСЂСѓР·РѕРІРѕР№,Р»РµРіРєРѕРІР°РЅС‚Р°Р¶РЅРёР№,8,Р·РёРјРЅСЏСЏ,Р·РёРјРѕРІР°,2,215,75,16,113/111,113(1150РєРі)/111(1090РєРі),R,R(170РєРј/С‡Р°СЃ),Р¤СЂР°РЅС†РёСЏ,Р¤СЂР°РЅС†С–СЏ,2021,C,,,,,,,1821,Рђ РўР°РµСЂСЃ,РљРёРµРІ,РљРёС—РІ,kiev_ Рђ РўР°РµСЂСЃ,,2022-10-04 12:06,1664874361,20,6895,6895.00,uah,7747,6895,10849,0,10849,1,tyre/3006.400x400.jpg,tyre/3006.400x400.jpg,РЁРёРЅС‹,2157516
Р»РµРіРєРѕРІС‹Рµ С€РёРЅС‹,295195,295195,1000295195,Michelin,1514,Agilis Alpin,3006,215/75 R16C 116/114R,Michelin Agilis Alpin 215/75 R16C 116/114R,Р»РµРіРєРѕРіСЂСѓР·РѕРІРѕР№,Р»РµРіРєРѕРІР°РЅС‚Р°Р¶РЅРёР№,8,Р·РёРјРЅСЏСЏ,Р·РёРјРѕРІР°,2,215,75,16,116/114,116(1250РєРі)/114(1180РєРі),R,R(170РєРј/С‡Р°СЃ),Р¤СЂР°РЅС†РёСЏ,Р¤СЂР°РЅС†С–СЏ,2022,C,,,,,,,1821,Рђ РўР°РµСЂСЃ,РљРёРµРІ,РљРёС—РІ,kiev_ Рђ РўР°РµСЂСЃ,,2022-10-04 12:06,1664874361,8,7895,7895.00,uah,8870,7895,12379,0,12379,1,tyre/3006.400x400.jpg,tyre/3006.400x400.jpg,РЁРёРЅС‹,2157516
Р»РµРіРєРѕРІС‹Рµ С€РёРЅС‹,295205,295205,1000295205,Michelin,1514,Agilis Alpin,3006,225/75 R16C 121/120R,Michelin Agilis Alpin 225/75 R16C 121/120R,Р»РµРіРєРѕРіСЂСѓР·РѕРІРѕР№,Р»РµРіРєРѕРІР°РЅС‚Р°Р¶РЅРёР№,8,Р·РёРјРЅСЏСЏ,Р·РёРјРѕРІР°,2,225,75,16,121/120,121(1450РєРі)/120(1400РєРі),R,R(170РєРј/С‡Р°СЃ),РџРѕР»СЊС€Р°,РџРѕР»СЊС‰Р°,2022,C,,,,,,,1821,Рђ РўР°РµСЂСЃ,РљРёРµРІ,РљРёС—РІ,kiev_ Рђ РўР°РµСЂСЃ,,2022-10-04 12:06,1664874361,2,8550,8550.00,uah,9606,8550,13382,0,13382,1,tyre/3006.400x400.jpg,tyre/3006.400x400.jpg,РЁРёРЅС‹,2257516
Р»РµРіРєРѕРІС‹Рµ С€РёРЅС‹,295207,295207,1000295207,Michelin,1514,Agilis Alpin,3006,235/65 R16C 115/113R,Michelin Agilis Alpin 235/65 R16C 115/113R,Р»РµРіРєРѕРіСЂСѓР·РѕРІРѕР№,Р»РµРіРєРѕРІР°РЅС‚Р°Р¶РЅРёР№,8,Р·РёРјРЅСЏСЏ,Р·РёРјРѕРІР°,2,235,65,16,115/113,115(1215РєРі)/113(1150РєРі),R,R(170РєРј/С‡Р°СЃ),РџРѕР»СЊС€Р°,РџРѕР»СЊС‰Р°,2022,C,,,,,,,1821,Рђ РўР°РµСЂСЃ,РљРёРµРІ,РљРёС—РІ,kiev_ Рђ РўР°РµСЂСЃ,,2022-10-04 12:06,1664874361,4,7495,7495.00,uah,8421,7495,11767,0,11767,1,tyre/3006.400x400.jpg,tyre/3006.400x400.jpg,РЁРёРЅС‹,2356516
Р»РµРіРєРѕРІС‹Рµ С€РёРЅС‹,328831,328831,1000328831,Michelin,1514,AGILIS CrossClimate,8059,195/70 R15C 104/102T,Michelin AGILIS CrossClimate 195/70 R15C 104/102T,Р»РµРіРєРѕРіСЂСѓР·РѕРІРѕР№,Р»РµРіРєРѕРІР°РЅС‚Р°Р¶РЅРёР№,8,РІСЃРµСЃРµР·РѕРЅРЅР°СЏ,РІСЃРµСЃРµР·РѕРЅРЅР°,3,195,70,15,104/102,104(900РєРі)/102(850РєРі),T,T(190РєРј/С‡Р°СЃ),Р¤СЂР°РЅС†РёСЏ,Р¤СЂР°РЅС†С–СЏ,2022,C,,,,,,,1821,Рђ РўР°РµСЂСЃ,РљРёРµРІ,РљРёС—РІ,kiev_ Рђ РўР°РµСЂСЃ,,2022-10-04 12:06,1664874361,1,4350,4350.00,uah,4887,4350,7043,0,7043,1,tyre/8059.400x400.jpg,tyre/8059.400x400.jpg,РЁРёРЅС‹,1957015
Р»РµРіРєРѕРІС‹Рµ С€РёРЅС‹,329830,329830,1000329830,Michelin,1514,AGILIS CrossClimate,8059,195/75 R16C 107/105R,Michelin AGILIS CrossClimate 195/75 R16C 107/105R,Р»РµРіРєРѕРіСЂСѓР·РѕРІРѕР№,Р»РµРіРєРѕРІР°РЅС‚Р°Р¶РЅРёР№,8,РІСЃРµСЃРµР·РѕРЅРЅР°СЏ,РІСЃРµСЃРµР·РѕРЅРЅР°,3,195,75,16,107/105,107(975РєРі)/105(925РєРі),R,R(170РєРј/С‡Р°СЃ),Р¤СЂР°РЅС†РёСЏ,Р¤СЂР°РЅС†С–СЏ,2022,C,,,,,,,1821,Рђ РўР°РµСЂСЃ,РљРёРµРІ,РљРёС—РІ,kiev_ Рђ РўР°РµСЂСЃ,,2022-10-04 12:06,1664874361,2,5150,5150.00,uah,5786,5150,8180,0,8180,1,tyre/8059.400x400.jpg,tyre/8059.400x400.jpg,РЁРёРЅС‹,1957516
Р»РµРіРєРѕРІС‹Рµ С€РёРЅС‹,330147,330147,1000330147,Michelin,1514,AGILIS CrossClimate,8059,205/65 R15C 102/100T,Michelin AGILIS CrossClimate 205/65 R15C 102/100T,Р»РµРіРєРѕРіСЂСѓР·РѕРІРѕР№,Р»РµРіРєРѕРІР°РЅС‚Р°Р¶РЅРёР№,8,РІСЃРµСЃРµР·РѕРЅРЅР°СЏ,РІСЃРµСЃРµР·РѕРЅРЅР°,3,205,65,15,102/100,102(850РєРі)/100(800РєРі),T,T(190РєРј/С‡Р°СЃ),Р¤СЂР°РЅС†РёСЏ,Р¤СЂР°РЅС†С–СЏ,2021,C,,,,,,,1821,Рђ РўР°РµСЂСЃ,РљРёРµРІ,РљРёС—РІ,kiev_ Рђ РўР°РµСЂСЃ,,2022-10-04 12:06,1664874361,4,4641,4641.00,uah,5214,4641,7494,0,7494,1,tyre/8059.400x400.jpg,tyre/8059.400x400.jpg,РЁРёРЅС‹,2056515
Р»РµРіРєРѕРІС‹Рµ С€РёРЅС‹,330148,330148,1000330148,Michelin,1514,AGILIS CrossClimate,8059,205/65 R16C 107/105T,Michelin AGILIS CrossClimate 205/65 R16C 107/105T,Р»РµРіРєРѕРіСЂСѓР·РѕРІРѕР№,Р»РµРіРєРѕРІР°РЅС‚Р°Р¶РЅРёР№,8,РІСЃРµСЃРµР·РѕРЅРЅР°СЏ,РІСЃРµСЃРµР·РѕРЅРЅР°,3,205,65,16,107/105,107(975РєРі)/105(925РєРі),T,T(190РєРј/С‡Р°СЃ),Р¤СЂР°РЅС†РёСЏ,Р¤СЂР°РЅС†С–СЏ,2019,C,,,,,,,1821,Рђ РўР°РµСЂСЃ,РљРёРµРІ,РљРёС—РІ,kiev_ Рђ РўР°РµСЂСЃ,,2022-10-04 12:06,1664874361,1,3995,3995.00,uah,4488,3995,6412,0,6412,1,tyre/8059.400x400.jpg,tyre/8059.400x400.jpg,РЁРёРЅС‹,2056516
Р»РµРіРєРѕРІС‹Рµ С€РёРЅС‹,359238,359238,1000359238,Michelin,1514,AGILIS CrossClimate,8059,225/70 R15C 112/110R,Michelin AGILIS CrossClimate 225/70 R15C 112/110R,Р»РµРіРєРѕРіСЂСѓР·РѕРІРѕР№,Р»РµРіРєРѕРІР°РЅС‚Р°Р¶РЅРёР№,8,РІСЃРµСЃРµР·РѕРЅРЅР°СЏ,РІСЃРµСЃРµР·РѕРЅРЅР°,3,225,70,15,112/110,112(1120РєРі)/110(1060РєРі),R,R(170РєРј/С‡Р°СЃ),Р¤СЂР°РЅС†РёСЏ,Р¤СЂР°РЅС†С–СЏ,2022,C,,,,,,,1821,Рђ РўР°РµСЂСЃ,РљРёРµРІ,РљРёС—РІ,kiev_ Рђ РўР°РµСЂСЃ,,2022-10-04 12:06,1664874361,2,5995,5995.00,uah,6735,5995,9592,0,9592,1,tyre/8059.400x400.jpg,tyre/8059.400x400.jpg,РЁРёРЅС‹,2257015
Р»РµРіРєРѕРІС‹Рµ С€РёРЅС‹,329567,329567,1000329567,Michelin,1514,AGILIS CrossClimate,8059,235/65 R16C 115/113R,Michelin AGILIS CrossClimate 235/65 R16C 115/113R,Р»РµРіРєРѕРіСЂСѓР·РѕРІРѕР№,Р»РµРіРєРѕРІР°РЅС‚Р°Р¶РЅРёР№,8,РІСЃРµСЃРµР·РѕРЅРЅР°СЏ,РІСЃРµСЃРµР·РѕРЅРЅР°,3,235,65,16,115/113,115(1215РєРі)/113(1150РєРі),R,R(170РєРј/С‡Р°СЃ),Р¤СЂР°РЅС†РёСЏ,Р¤СЂР°РЅС†С–СЏ,2022,C,,,,,,,1821,Рђ РўР°РµСЂСЃ,РљРёРµРІ,РљРёС—РІ,kiev_ Рђ РўР°РµСЂСЃ,,2022-10-04 12:06,1664874361,4,7625,7625.00,uah,8567,7625,11966,0,11966,1,tyre/8059.400x400.jpg,tyre/8059.400x400.jpg,РЁРёРЅС‹,2356516
Р»РµРіРєРѕРІС‹Рµ С€РёРЅС‹,294659,294659,1000294659,Michelin,1514,Agilis Plus,3008,185/75 R16C 104/102R,Michelin Agilis Plus 185/75 R16C 104/102R,Р»РµРіРєРѕРіСЂСѓР·РѕРІРѕР№,Р»РµРіРєРѕРІР°РЅС‚Р°Р¶РЅРёР№,8,Р»РµС‚РЅСЏСЏ,Р»С–С‚РЅСЏ,1,185,75,16,104/102,104(900РєРі)/102(850РєРі),R,R(170РєРј/С‡Р°СЃ),Р¤СЂР°РЅС†РёСЏ,Р¤СЂР°РЅС†С–СЏ,2021,C,,,,,,,1821,Рђ РўР°РµСЂСЃ,РљРёРµРІ,РљРёС—РІ,kiev_ Рђ РўР°РµСЂСЃ,,2022-10-04 12:06,1664874361,19,4450,4450.00,uah,5000,4450,7109,0,7109,1,tyre/3008.400x400.jpg,tyre/3008.400x400.jpg,РЁРёРЅС‹,1857516
Р»РµРіРєРѕРІС‹Рµ С€РёРЅС‹,362895,362895,1000362895,Michelin,1514,Agilis X-Ice North,3011,215/60 R17C 104/102H (С€РёРї),Michelin Agilis X-Ice North 215/60 R17C 104/102H (С€РёРї),Р»РµРіРєРѕРіСЂСѓР·РѕРІРѕР№,Р»РµРіРєРѕРІР°РЅС‚Р°Р¶РЅРёР№,8,Р·РёРјРЅСЏСЏ,Р·РёРјРѕРІР°,2,215,60,17,104/102,104(900РєРі)/102(850РєРі),H,H(210РєРј/С‡Р°СЃ),РџРѕР»СЊС€Р°,РџРѕР»СЊС‰Р°,2018,C,С€РёРї,,,,,,1821,Рђ РўР°РµСЂСЃ,РљРёРµРІ,РљРёС—РІ,kiev_ Рђ РўР°РµСЂСЃ,,2022-10-04 12:06,1664874361,1,2750,2750.00,uah,3090,2750,5008,0,5008,1,tyre/3011.400x400.jpg,tyre/3011.400x400.jpg,РЁРёРЅС‹,2156017
РіСЂСѓР·РѕРІС‹Рµ С€РёРЅС‹,394190,394190,1000394190,Michelin,1514,X Force ZL MPT (РІРµРґСѓС‰Р°СЏ),12598,335/80 R20 150K,Michelin X Force ZL MPT (РІРµРґСѓС‰Р°СЏ) 335/80 R20 150K,РІРµРґСѓС‰Р°СЏ,РІРµРґСѓС‡Р°,3,РІСЃРµСЃРµР·РѕРЅРЅР°СЏ,РІСЃРµСЃРµР·РѕРЅРЅР°,3,335,80,20,150,150(3350РєРі),K,K(110РєРј/С‡Р°СЃ),,,,,,,,,,,1821,Рђ РўР°РµСЂСЃ,РљРёРµРІ,РљРёС—РІ,kiev_ Рђ РўР°РµСЂСЃ,,2022-10-04 12:06,1664874361,5,29500,29500.00,uah,33143,29500,47905,0,47905,1,tyre/12598.400x400.jpg,tyre/12598.400x400.jpg,Р“СЂСѓР·РѕРІС‹Рµ С€РёРЅС‹,3358020
Р»РµРіРєРѕРІС‹Рµ С€РёРЅС‹,386157,386157,1000386157,Sava,1609,Eskimo LT,11805,195/70 R15C 104/102R,Sava Eskimo LT 195/70 R15C 104/102R,Р»РµРіРєРѕРіСЂСѓР·РѕРІРѕР№,Р»РµРіРєРѕРІР°РЅС‚Р°Р¶РЅРёР№,8,Р·РёРјРЅСЏСЏ,Р·РёРјРѕРІР°,2,195,70,15,104/102,104(900РєРі)/102(850РєРі),R,R(170РєРј/С‡Р°СЃ),РўСѓСЂС†РёСЏ,РўСѓСЂРµС‡С‡РёРЅР°,2022,C,,,,,,,1821,Рђ РўР°РµСЂСЃ,РљРёРµРІ,РљРёС—РІ,kiev_ Рђ РўР°РµСЂСЃ,,2022-10-04 12:06,1664874361,8,3095,3095.00,uah,3477,3095,5097,0,5097,1,tyre/11805.400x400.jpg,tyre/11805.400x400.jpg,РЁРёРЅС‹,1957015
Р»РµРіРєРѕРІС‹Рµ С€РёРЅС‹,393728,393728,1000393728,Sava,1609,Eskimo LT,11805,205/75 R16C 110/108R,Sava Eskimo LT 205/75 R16C 110/108R,Р»РµРіРєРѕРіСЂСѓР·РѕРІРѕР№,Р»РµРіРєРѕРІР°РЅС‚Р°Р¶РЅРёР№,8,Р·РёРјРЅСЏСЏ,Р·РёРјРѕРІР°,2,205,75,16,110/108,110(1060РєРі)/108(1000РєРі),R,R(170РєРј/С‡Р°СЃ),РўСѓСЂС†РёСЏ,РўСѓСЂРµС‡С‡РёРЅР°,2022,C,,,,,,,1821,Рђ РўР°РµСЂСЃ,РљРёРµРІ,РљРёС—РІ,kiev_ Рђ РўР°РµСЂСЃ,,2022-10-04 12:06,1664874361,8,3750,3750.00,uah,4213,3750,6038,0,6038,1,tyre/11805.400x400.jpg,tyre/11805.400x400.jpg,РЁРёРЅС‹,2057516
Р»РµРіРєРѕРІС‹Рµ С€РёРЅС‹,259258,259258,1000259258,Tigar,1677,Cargo Speed,4384,185 R14C 102/100R,Tigar Cargo Speed 185 R14C 102/100R,Р»РµРіРєРѕРіСЂСѓР·РѕРІРѕР№,Р»РµРіРєРѕРІР°РЅС‚Р°Р¶РЅРёР№,8,Р»РµС‚РЅСЏСЏ,Р»С–С‚РЅСЏ,1,185,,14,102/100,102(850РєРі)/100(800РєРі),R,R(170РєРј/С‡Р°СЃ),РЎРµСЂР±РёСЏ,РЎРµСЂР±С–СЏ,2022,C,,,,,,,1821,Рђ РўР°РµСЂСЃ,РљРёРµРІ,РљРёС—РІ,kiev_ Рђ РўР°РµСЂСЃ,,2022-10-04 12:06,1664874361,1,2095,2095.00,uah,2354,2095,3547,0,3547,1,tyre/4384.400x400.jpg,tyre/4384.400x400.jpg,РЁРёРЅС‹,18514
Р»РµРіРєРѕРІС‹Рµ С€РёРЅС‹,295638,295638,1000295638,Tigar,1677,Cargo Speed,4384,185/75 R16C 104/102R,Tigar Cargo Speed 185/75 R16C 104/102R,Р»РµРіРєРѕРіСЂСѓР·РѕРІРѕР№,Р»РµРіРєРѕРІР°РЅС‚Р°Р¶РЅРёР№,8,Р»РµС‚РЅСЏСЏ,Р»С–С‚РЅСЏ,1,185,75,16,104/102,104(900РєРі)/102(850РєРі),R,R(170РєРј/С‡Р°СЃ),РЎРµСЂР±РёСЏ,РЎРµСЂР±С–СЏ,2022,C,,,,,,,1821,Рђ РўР°РµСЂСЃ,РљРёРµРІ,РљРёС—РІ,kiev_ Рђ РўР°РµСЂСЃ,,2022-10-04 12:06,1664874361,20,2650,2650.00,uah,2977,2650,4355,0,4355,1,tyre/4384.400x400.jpg,tyre/4384.400x400.jpg,РЁРёРЅС‹,1857516
Р»РµРіРєРѕРІС‹Рµ С€РёРЅС‹,295639,295639,1000295639,Tigar,1677,Cargo Speed,4384,195/60 R16C 99/97H,Tigar Cargo Speed 195/60 R16C 99/97H,Р»РµРіРєРѕРіСЂСѓР·РѕРІРѕР№,Р»РµРіРєРѕРІР°РЅС‚Р°Р¶РЅРёР№,8,Р»РµС‚РЅСЏСЏ,Р»С–С‚РЅСЏ,1,195,60,16,99/97,99(775РєРі)/97(730РєРі),H,H(210РєРј/С‡Р°СЃ),РЎРµСЂР±РёСЏ,РЎРµСЂР±С–СЏ,2022,C,,,,,,,1821,Рђ РўР°РµСЂСЃ,РљРёРµРІ,РљРёС—РІ,kiev_ Рђ РўР°РµСЂСЃ,,2022-10-04 12:06,1664874361,20,2455,2455.00,uah,2758,2455,4056,0,4056,1,tyre/4384.400x400.jpg,tyre/4384.400x400.jpg,РЁРёРЅС‹,1956016
Р»РµРіРєРѕРІС‹Рµ С€РёРЅС‹,259993,259993,1000259993,Tigar,1677,Cargo Speed,4384,195/65 R16C 104/102R,Tigar Cargo Speed 195/65 R16C 104/102R,Р»РµРіРєРѕРіСЂСѓР·РѕРІРѕР№,Р»РµРіРєРѕРІР°РЅС‚Р°Р¶РЅРёР№,8,Р»РµС‚РЅСЏСЏ,Р»С–С‚РЅСЏ,1,195,65,16,104/102,104(900РєРі)/102(850РєРі),R,R(170РєРј/С‡Р°СЃ),РЎРµСЂР±РёСЏ,РЎРµСЂР±С–СЏ,2022,C,,,,,,,1821,Рђ РўР°РµСЂСЃ,РљРёРµРІ,РљРёС—РІ,kiev_ Рђ РўР°РµСЂСЃ,,2022-10-04 12:06,1664874361,20,2630,2630.00,uah,2955,2630,4324,0,4324,1,tyre/4384.400x400.jpg,tyre/4384.400x400.jpg,РЁРёРЅС‹,1956516
Р»РµРіРєРѕРІС‹Рµ С€РёРЅС‹,295640,295640,1000295640,Tigar,1677,Cargo Speed,4384,195/75 R16C 107/105R,Tigar Cargo Speed 195/75 R16C 107/105R,Р»РµРіРєРѕРіСЂСѓР·РѕРІРѕР№,Р»РµРіРєРѕРІР°РЅС‚Р°Р¶РЅРёР№,8,Р»РµС‚РЅСЏСЏ,Р»С–С‚РЅСЏ,1,195,75,16,107/105,107(975РєРі)/105(925РєРі),R,R(170РєРј/С‡Р°СЃ),РЎРµСЂР±РёСЏ,РЎРµСЂР±С–СЏ,2022,C,,,,,,,1821,Рђ РўР°РµСЂСЃ,РљРёРµРІ,РљРёС—РІ,kiev_ Рђ РўР°РµСЂСЃ,,2022-10-04 12:06,1664874361,4,2950,2950.00,uah,3314,2950,4814,0,4814,1,tyre/4384.400x400.jpg,tyre/4384.400x400.jpg,РЁРёРЅС‹,1957516
Р»РµРіРєРѕРІС‹Рµ С€РёРЅС‹,277564,277564,1000277564,Tigar,1677,Cargo Speed,4384,205/65 R16C 107/105T,Tigar Cargo Speed 205/65 R16C 107/105T,Р»РµРіРєРѕРіСЂСѓР·РѕРІРѕР№,Р»РµРіРєРѕРІР°РЅС‚Р°Р¶РЅРёР№,8,Р»РµС‚РЅСЏСЏ,Р»С–С‚РЅСЏ,1,205,65,16,107/105,107(975РєРі)/105(925РєРі),T,T(190РєРј/С‡Р°СЃ),РЎРµСЂР±РёСЏ,РЎРµСЂР±С–СЏ,2022,C,,,,,,,1821,Рђ РўР°РµСЂСЃ,РљРёРµРІ,РљРёС—РІ,kiev_ Рђ РўР°РµСЂСЃ,,2022-10-04 12:06,1664874361,5,2975,2975.00,uah,3342,2975,4852,0,4852,1,tyre/4384.400x400.jpg,tyre/4384.400x400.jpg,РЁРёРЅС‹,2056516
Р»РµРіРєРѕРІС‹Рµ С€РёРЅС‹,266852,266852,1000266852,Tigar,1677,Cargo Speed,4384,205/75 R16C 110/108R,Tigar Cargo Speed 205/75 R16C 110/108R,Р»РµРіРєРѕРіСЂСѓР·РѕРІРѕР№,Р»РµРіРєРѕРІР°РЅС‚Р°Р¶РЅРёР№,8,Р»РµС‚РЅСЏСЏ,Р»С–С‚РЅСЏ,1,205,75,16,110/108,110(1060РєРі)/108(1000РєРі),R,R(170РєРј/С‡Р°СЃ),РЎРµСЂР±РёСЏ,РЎРµСЂР±С–СЏ,2022,C,,,,,,,1821,Рђ РўР°РµСЂСЃ,РљРёРµРІ,РљРёС—РІ,kiev_ Рђ РўР°РµСЂСЃ,,2022-10-04 12:06,1664874361,7,2635,2635.00,uah,2960,2635,4332,0,4332,1,tyre/4384.400x400.jpg,tyre/4384.400x400.jpg,РЁРёРЅС‹,2057516
Р»РµРіРєРѕРІС‹Рµ С€РёРЅС‹,340770,340770,1000340770,Tigar,1677,Cargo Speed,4384,215/65 R15C 104/102T,Tigar Cargo Speed 215/65 R15C 104/102T,Р»РµРіРєРѕРіСЂСѓР·РѕРІРѕР№,Р»РµРіРєРѕРІР°РЅС‚Р°Р¶РЅРёР№,8,Р»РµС‚РЅСЏСЏ,Р»С–С‚РЅСЏ,1,215,65,15,104/102,104(900РєРі)/102(850РєРі),T,T(190РєРј/С‡Р°СЃ),РЎРµСЂР±РёСЏ,РЎРµСЂР±С–СЏ,2022,C,,,,,,,1821,Рђ РўР°РµСЂСЃ,РљРёРµРІ,РљРёС—РІ,kiev_ Рђ РўР°РµСЂСЃ,,2022-10-04 12:06,1664874361,20,2595,2595.00,uah,2915,2595,4322,0,4322,1,tyre/4384.400x400.jpg,tyre/4384.400x400.jpg,РЁРёРЅС‹,2156515
Р»РµРіРєРѕРІС‹Рµ С€РёРЅС‹,359198,359198,1000359198,Tigar,1677,Cargo Speed,4384,215/65 R16C 109/107T,Tigar Cargo Speed 215/65 R16C 109/107T,Р»РµРіРєРѕРіСЂСѓР·РѕРІРѕР№,Р»РµРіРєРѕРІР°РЅС‚Р°Р¶РЅРёР№,8,Р»РµС‚РЅСЏСЏ,Р»С–С‚РЅСЏ,1,215,65,16,109/107,109(1030РєРі)/107(975РєРі),T,T(190РєРј/С‡Р°СЃ),РЎРµСЂР±РёСЏ,РЎРµСЂР±С–СЏ,2022,C,,,,,,,1821,Рђ РўР°РµСЂСЃ,РљРёРµРІ,РљРёС—РІ,kiev_ Рђ РўР°РµСЂСЃ,,2022-10-04 12:06,1664874361,20,3175,3175.00,uah,3567,3175,5158,0,5158,1,tyre/4384.400x400.jpg,tyre/4384.400x400.jpg,РЁРёРЅС‹,2156516
Р»РµРіРєРѕРІС‹Рµ С€РёРЅС‹,274279,274279,1000274279,Tigar,1677,Cargo Speed,4384,215/70 R15C 109/107S,Tigar Cargo Speed 215/70 R15C 109/107S,Р»РµРіРєРѕРіСЂСѓР·РѕРІРѕР№,Р»РµРіРєРѕРІР°РЅС‚Р°Р¶РЅРёР№,8,Р»РµС‚РЅСЏСЏ,Р»С–С‚РЅСЏ,1,215,70,15,109/107,109(1030РєРі)/107(975РєРі),S,S(180РєРј/С‡Р°СЃ),РЎРµСЂР±РёСЏ,РЎРµСЂР±С–СЏ,2022,C,,,,,,,1821,Рђ РўР°РµСЂСЃ,РљРёРµРІ,РљРёС—РІ,kiev_ Рђ РўР°РµСЂСЃ,,2022-10-04 12:06,1664874361,13,2625,2625.00,uah,2949,2625,4369,0,4369,1,tyre/4384.400x400.jpg,tyre/4384.400x400.jpg,РЁРёРЅС‹,2157015
Р»РµРіРєРѕРІС‹Рµ С€РёРЅС‹,260176,260176,1000260176,Tigar,1677,Cargo Speed,4384,215/75 R16C 113/111R,Tigar Cargo Speed 215/75 R16C 113/111R,Р»РµРіРєРѕРіСЂСѓР·РѕРІРѕР№,Р»РµРіРєРѕРІР°РЅС‚Р°Р¶РЅРёР№,8,Р»РµС‚РЅСЏСЏ,Р»С–С‚РЅСЏ,1,215,75,16,113/111,113(1150РєРі)/111(1090РєРі),R,R(170РєРј/С‡Р°СЃ),РЎРµСЂР±РёСЏ,РЎРµСЂР±С–СЏ,2022,C,,,,,,,1821,Рђ РўР°РµСЂСЃ,РљРёРµРІ,РљРёС—РІ,kiev_ Рђ РўР°РµСЂСЃ,,2022-10-04 12:06,1664874361,7,2850,2850.00,uah,3202,2850,4661,0,4661,1,tyre/4384.400x400.jpg,tyre/4384.400x400.jpg,РЁРёРЅС‹,2157516
Р»РµРіРєРѕРІС‹Рµ С€РёРЅС‹,266856,266856,1000266856,Tigar,1677,Cargo Speed,4384,225/65 R16C 112/110R,Tigar Cargo Speed 225/65 R16C 112/110R,Р»РµРіРєРѕРіСЂСѓР·РѕРІРѕР№,Р»РµРіРєРѕРІР°РЅС‚Р°Р¶РЅРёР№,8,Р»РµС‚РЅСЏСЏ,Р»С–С‚РЅСЏ,1,225,65,16,112/110,112(1120РєРі)/110(1060РєРі),R,R(170РєРј/С‡Р°СЃ),РЎРµСЂР±РёСЏ,РЎРµСЂР±С–СЏ,2022,C,,,,,,,1821,Рђ РўР°РµСЂСЃ,РљРёРµРІ,РљРёС—РІ,kiev_ Рђ РўР°РµСЂСЃ,,2022-10-04 12:06,1664874361,2,2825,2825.00,uah,3174,2825,4622,0,4622,1,tyre/4384.400x400.jpg,tyre/4384.400x400.jpg,РЁРёРЅС‹,2256516
Р»РµРіРєРѕРІС‹Рµ С€РёРЅС‹,264514,264514,1000264514,Tigar,1677,Cargo Speed,4384,235/65 R16C 115/113R,Tigar Cargo Speed 235/65 R16C 115/113R,Р»РµРіРєРѕРіСЂСѓР·РѕРІРѕР№,Р»РµРіРєРѕРІР°РЅС‚Р°Р¶РЅРёР№,8,Р»РµС‚РЅСЏСЏ,Р»С–С‚РЅСЏ,1,235,65,16,115/113,115(1215РєРі)/113(1150РєРі),R,R(170РєРј/С‡Р°СЃ),РЎРµСЂР±РёСЏ,РЎРµСЂР±С–СЏ,2022,C,,,,,,,1821,Рђ РўР°РµСЂСЃ,РљРёРµРІ,РљРёС—РІ,kiev_ Рђ РўР°РµСЂСЃ,,2022-10-04 12:06,1664874361,20,3525,3525.00,uah,3960,3525,5693,0,5693,1,tyre/4384.400x400.jpg,tyre/4384.400x400.jpg,РЁРёРЅС‹,2356516
Р»РµРіРєРѕРІС‹Рµ С€РёРЅС‹,264810,264810,1000264810,Tigar,1677,Cargo Speed Winter,4386,185/75 R16C 104/102R (РїРѕРґ С€РёРї),Tigar Cargo Speed Winter 185/75 R16C 104/102R (РїРѕРґ С€РёРї),Р»РµРіРєРѕРіСЂСѓР·РѕРІРѕР№,Р»РµРіРєРѕРІР°РЅС‚Р°Р¶РЅРёР№,8,Р·РёРјРЅСЏСЏ,Р·РёРјРѕРІР°,2,185,75,16,104/102,104(900РєРі)/102(850РєРі),R,R(170РєРј/С‡Р°СЃ),РЎРµСЂР±РёСЏ,РЎРµСЂР±С–СЏ,2022,C,,,,,,,1821,Рђ РўР°РµСЂСЃ,РљРёРµРІ,РљРёС—РІ,kiev_ Рђ РўР°РµСЂСЃ,,2022-10-04 12:06,1664874361,20,2962,2962.00,uah,3328,2962,4832,0,4832,1,tyre/4386.400x400.jpg,tyre/4386.400x400.jpg,РЁРёРЅС‹,1857516
Р»РµРіРєРѕРІС‹Рµ С€РёРЅС‹,272541,272541,1000272541,Tigar,1677,Cargo Speed Winter,4386,195/60 R16C 99/97T (РїРѕРґ С€РёРї),Tigar Cargo Speed Winter 195/60 R16C 99/97T (РїРѕРґ С€РёРї),Р»РµРіРєРѕРіСЂСѓР·РѕРІРѕР№,Р»РµРіРєРѕРІР°РЅС‚Р°Р¶РЅРёР№,8,Р·РёРјРЅСЏСЏ,Р·РёРјРѕРІР°,2,195,60,16,99/97,99(775РєРі)/97(730РєРі),T,T(190РєРј/С‡Р°СЃ),РЎРµСЂР±РёСЏ,РЎРµСЂР±С–СЏ,2022,C,,,,,,,1821,Рђ РўР°РµСЂСЃ,РљРёРµРІ,РљРёС—РІ,kiev_ Рђ РўР°РµСЂСЃ,,2022-10-04 12:06,1664874361,3,3100,3100.00,uah,3482,3100,5043,0,5043,1,tyre/4386.400x400.jpg,tyre/4386.400x400.jpg,РЁРёРЅС‹,1956016
Р»РµРіРєРѕРІС‹Рµ С€РёРЅС‹,267979,267979,1000267979,Tigar,1677,Cargo Speed Winter,4386,195/65 R16C 104/102R (РїРѕРґ С€РёРї),Tigar Cargo Speed Winter 195/65 R16C 104/102R (РїРѕРґ С€РёРї),Р»РµРіРєРѕРіСЂСѓР·РѕРІРѕР№,Р»РµРіРєРѕРІР°РЅС‚Р°Р¶РЅРёР№,8,Р·РёРјРЅСЏСЏ,Р·РёРјРѕРІР°,2,195,65,16,104/102,104(900РєРі)/102(850РєРі),R,R(170РєРј/С‡Р°СЃ),РЎРµСЂР±РёСЏ,РЎРµСЂР±С–СЏ,2022,C,,,,,,,1821,Рђ РўР°РµСЂСЃ,РљРёРµРІ,РљРёС—РІ,kiev_ Рђ РўР°РµСЂСЃ,,2022-10-04 12:06,1664874361,10,3025,3025.00,uah,3399,3025,4928,0,4928,1,tyre/4386.400x400.jpg,tyre/4386.400x400.jpg,РЁРёРЅС‹,1956516
Р»РµРіРєРѕРІС‹Рµ С€РёРЅС‹,264654,264654,1000264654,Tigar,1677,Cargo Speed Winter,4386,205/65 R16C 107/105R (РїРѕРґ С€РёРї),Tigar Cargo Speed Winter 205/65 R16C 107/105R (РїРѕРґ С€РёРї),Р»РµРіРєРѕРіСЂСѓР·РѕРІРѕР№,Р»РµРіРєРѕРІР°РЅС‚Р°Р¶РЅРёР№,8,Р·РёРјРЅСЏСЏ,Р·РёРјРѕРІР°,2,205,65,16,107/105,107(975РєРі)/105(925РєРі),R,R(170РєРј/С‡Р°СЃ),РЎРµСЂР±РёСЏ,РЎРµСЂР±С–СЏ,2022,C,,,,,,,1821,Рђ РўР°РµСЂСЃ,РљРёРµРІ,РљРёС—РІ,kiev_ Рђ РўР°РµСЂСЃ,,2022-10-04 12:06,1664874361,3,3360,3360.00,uah,3775,3360,5441,0,5441,1,tyre/4386.400x400.jpg,tyre/4386.400x400.jpg,РЁРёРЅС‹,2056516
Р»РµРіРєРѕРІС‹Рµ С€РёРЅС‹,276187,276187,1000276187,Tigar,1677,Cargo Speed Winter,4386,215/70 R15C 109/107R (РїРѕРґ С€РёРї),Tigar Cargo Speed Winter 215/70 R15C 109/107R (РїРѕРґ С€РёРї),Р»РµРіРєРѕРіСЂСѓР·РѕРІРѕР№,Р»РµРіРєРѕРІР°РЅС‚Р°Р¶РЅРёР№,8,Р·РёРјРЅСЏСЏ,Р·РёРјРѕРІР°,2,215,70,15,109/107,109(1030РєРі)/107(975РєРі),R,R(170РєРј/С‡Р°СЃ),РЎРµСЂР±РёСЏ,РЎРµСЂР±С–СЏ,2022,C,,,,,,,1821,Рђ РўР°РµСЂСЃ,РљРёРµРІ,РљРёС—РІ,kiev_ Рђ РўР°РµСЂСЃ,,2022-10-04 12:06,1664874361,19,3310,3310.00,uah,3719,3310,5431,0,5431,1,tyre/4386.400x400.jpg,tyre/4386.400x400.jpg,РЁРёРЅС‹,2157015
Р»РµРіРєРѕРІС‹Рµ С€РёРЅС‹,264668,264668,1000264668,Tigar,1677,Cargo Speed Winter,4386,215/75 R16C 113/111R (РїРѕРґ С€РёРї),Tigar Cargo Speed Winter 215/75 R16C 113/111R (РїРѕРґ С€РёРї),Р»РµРіРєРѕРіСЂСѓР·РѕРІРѕР№,Р»РµРіРєРѕРІР°РЅС‚Р°Р¶РЅРёР№,8,Р·РёРјРЅСЏСЏ,Р·РёРјРѕРІР°,2,215,75,16,113/111,113(1150РєРі)/111(1090РєРі),R,R(170РєРј/С‡Р°СЃ),РЎРµСЂР±РёСЏ,РЎРµСЂР±С–СЏ,2022,C,,,,,,,1821,Рђ РўР°РµСЂСЃ,РљРёРµРІ,РљРёС—РІ,kiev_ Рђ РўР°РµСЂСЃ,,2022-10-04 12:06,1664874361,18,3665,3665.00,uah,4118,3665,5907,0,5907,1,tyre/4386.400x400.jpg,tyre/4386.400x400.jpg,РЁРёРЅС‹,2157516
Р»РµРіРєРѕРІС‹Рµ С€РёРЅС‹,279671,279671,1000279671,Tigar,1677,Cargo Speed Winter,4386,225/75 R16C 118/116R (РїРѕРґ С€РёРї),Tigar Cargo Speed Winter 225/75 R16C 118/116R (РїРѕРґ С€РёРї),Р»РµРіРєРѕРіСЂСѓР·РѕРІРѕР№,Р»РµРіРєРѕРІР°РЅС‚Р°Р¶РЅРёР№,8,Р·РёРјРЅСЏСЏ,Р·РёРјРѕРІР°,2,225,75,16,118/116,118(1320РєРі)/116(1250РєРі),R,R(170РєРј/С‡Р°СЃ),РЎРµСЂР±РёСЏ,РЎРµСЂР±С–СЏ,2022,C,,,,,,,1821,Рђ РўР°РµСЂСЃ,РљРёРµРІ,РљРёС—РІ,kiev_ Рђ РўР°РµСЂСЃ,,2022-10-04 12:06,1664874361,1,3850,3850.00,uah,4325,3850,6191,0,6191,1,tyre/4386.400x400.jpg,tyre/4386.400x400.jpg,РЁРёРЅС‹,2257516
Р»РµРіРєРѕРІС‹Рµ С€РёРЅС‹,276376,276376,1000276376,Tigar,1677,Cargo Speed Winter,4386,235/65 R16C 115/113R (РїРѕРґ С€РёРї),Tigar Cargo Speed Winter 235/65 R16C 115/113R (РїРѕРґ С€РёРї),Р»РµРіРєРѕРіСЂСѓР·РѕРІРѕР№,Р»РµРіРєРѕРІР°РЅС‚Р°Р¶РЅРёР№,8,Р·РёРјРЅСЏСЏ,Р·РёРјРѕРІР°,2,235,65,16,115/113,115(1215РєРі)/113(1150РєРі),R,R(170РєРј/С‡Р°СЃ),РЎРµСЂР±РёСЏ,РЎРµСЂР±С–СЏ,2022,C,,,,,,,1821,Рђ РўР°РµСЂСЃ,РљРёРµРІ,РљРёС—РІ,kiev_ Рђ РўР°РµСЂСЃ,,2022-10-04 12:06,1664874361,20,3850,3850.00,uah,4325,3850,6191,0,6191,1,tyre/4386.400x400.jpg,tyre/4386.400x400.jpg,РЁРёРЅС‹,2356516
